-- MySQL dump 10.13  Distrib 8.0.33, for Win64 (x86_64)
--
-- Host: localhost    Database: webtruyen
-- ------------------------------------------------------
-- Server version	8.0.33

/*!40101 SET @OLD_CHARACTER_SET_CLIENT=@@CHARACTER_SET_CLIENT */;
/*!40101 SET @OLD_CHARACTER_SET_RESULTS=@@CHARACTER_SET_RESULTS */;
/*!40101 SET @OLD_COLLATION_CONNECTION=@@COLLATION_CONNECTION */;
/*!50503 SET NAMES utf8 */;
/*!40103 SET @OLD_TIME_ZONE=@@TIME_ZONE */;
/*!40103 SET TIME_ZONE='+00:00' */;
/*!40014 SET @OLD_UNIQUE_CHECKS=@@UNIQUE_CHECKS, UNIQUE_CHECKS=0 */;
/*!40014 SET @OLD_FOREIGN_KEY_CHECKS=@@FOREIGN_KEY_CHECKS, FOREIGN_KEY_CHECKS=0 */;
/*!40101 SET @OLD_SQL_MODE=@@SQL_MODE, SQL_MODE='NO_AUTO_VALUE_ON_ZERO' */;
/*!40111 SET @OLD_SQL_NOTES=@@SQL_NOTES, SQL_NOTES=0 */;

--
-- Table structure for table `author`
--

DROP TABLE IF EXISTS `author`;
/*!40101 SET @saved_cs_client     = @@character_set_client */;
/*!50503 SET character_set_client = utf8mb4 */;
CREATE TABLE `author` (
  `id_author` int NOT NULL AUTO_INCREMENT,
  `name` varchar(45) COLLATE utf8mb3_unicode_ci NOT NULL,
  PRIMARY KEY (`id_author`)
) ENGINE=InnoDB AUTO_INCREMENT=7 DEFAULT CHARSET=utf8mb3 COLLATE=utf8mb3_unicode_ci;
/*!40101 SET character_set_client = @saved_cs_client */;

--
-- Dumping data for table `author`
--

LOCK TABLES `author` WRITE;
/*!40000 ALTER TABLE `author` DISABLE KEYS */;
INSERT INTO `author` VALUES (1,'Vũ Phong'),(2,'Cô Đơn Địa Phi'),(3,'Mặc Hương Đồng Khứu'),(6,'');
/*!40000 ALTER TABLE `author` ENABLE KEYS */;
UNLOCK TABLES;

--
-- Table structure for table `category`
--

DROP TABLE IF EXISTS `category`;
/*!40101 SET @saved_cs_client     = @@character_set_client */;
/*!50503 SET character_set_client = utf8mb4 */;
CREATE TABLE `category` (
  `id_category` int NOT NULL AUTO_INCREMENT,
  `name` varchar(50) COLLATE utf8mb3_unicode_ci NOT NULL,
  PRIMARY KEY (`id_category`)
) ENGINE=InnoDB AUTO_INCREMENT=10 DEFAULT CHARSET=utf8mb3 COLLATE=utf8mb3_unicode_ci;
/*!40101 SET character_set_client = @saved_cs_client */;

--
-- Dumping data for table `category`
--

LOCK TABLES `category` WRITE;
/*!40000 ALTER TABLE `category` DISABLE KEYS */;
INSERT INTO `category` VALUES (1,'Tiên Hiệp'),(2,'Kiếm Hiệp'),(3,'Ngôn Tình'),(4,'Đam Mỹ'),(5,'Võng Du'),(6,'Hệ thống'),(7,'Huyền Huyễn'),(8,'Dị Giới'),(9,'Dị Năng');
/*!40000 ALTER TABLE `category` ENABLE KEYS */;
UNLOCK TABLES;

--
-- Table structure for table `chapter`
--

DROP TABLE IF EXISTS `chapter`;
/*!40101 SET @saved_cs_client     = @@character_set_client */;
/*!50503 SET character_set_client = utf8mb4 */;
CREATE TABLE `chapter` (
  `id_chapter` varchar(3) COLLATE utf8mb3_unicode_ci NOT NULL,
  `name` varchar(150) COLLATE utf8mb3_unicode_ci NOT NULL,
  `nd_chap` mediumtext COLLATE utf8mb3_unicode_ci NOT NULL,
  `id_truyen` int NOT NULL,
  `time` datetime DEFAULT NULL,
  KEY `fk_truyen_idx` (`id_truyen`),
  CONSTRAINT `fk_truyen` FOREIGN KEY (`id_truyen`) REFERENCES `truyen` (`id_truyen`) ON DELETE CASCADE ON UPDATE CASCADE
) ENGINE=InnoDB DEFAULT CHARSET=utf8mb3 COLLATE=utf8mb3_unicode_ci;
/*!40101 SET character_set_client = @saved_cs_client */;

--
-- Dumping data for table `chapter`
--

LOCK TABLES `chapter` WRITE;
/*!40000 ALTER TABLE `chapter` DISABLE KEYS */;
INSERT INTO `chapter` VALUES ('1','Nhân phẩm có vấn đề (1)','- Ưm, ta đang ở nơi nào thế này?\r\n\r\nLắc lư cái đầu vừa tỉnh lại sau khi chìm vào hôn mê, Lục Thiếu Du cảm thấy xung quanh mình rất ẩm ướt, hơn nữa toàn thân đau nhức như muốn tê liệt, gió từ bốn phía thổi qua, tạt vào người hắn khiến hắn không nhịn được mà rùng mình một cái.\r\n\r\nĐầu Lục Thiếu Du toát mồ hôi lạnh, hắn vội vàng mở choàng mắt. Không gian xung quanh chỉ là một mảnh đen kịt, trên không trung, một vầng trăng lưỡi liềm đang treo lơ lửng. Sau một lát, mượn ánh sáng yếu ớt phát ra từ mặt trăng hắn mới nhìn được cảnh vật rõ ràng hơn một chút. Hiện tại hắn đang ở trong một đầm nước, lúc này hẳn là ban đêm.\r\n\r\n- A...\r\n\r\nCơn đau điếng từ đại não truyền đến khiến hắn phải kêu lên một tiếng thảm thiết. Lục Thiếu Du cảm nhận được có một lực lượng kỳ lạ đánh vào đầu mình khiến hắn lập tức ngất đi một lần nữa.\r\n\r\nKhi trời gần sáng Lục Thiếu Du mới từ từ tỉnh lại, nhưng khi nhận được tin tức mới từ đại não Lục Thiếu Du thiếu chút nữa lại ngất đi.\r\n\r\n- Nhân phẩm của ta bạo phát sao, xuyên việt rồi, đây là không phải là nằm mơ chứ?\r\n\r\nLục Thiếu Du mở to hai mắt chăm chú nhìn bốn phía, theo những tin tức nhận được từ đại não, cùng với việc đã từng xem qua mấy tiểu thuyết xuyên việt, Lục Thiếu Du khẳng định rằng mình đã bị xuyên việt rồi. Tình huống này tưởng chừng như không có thật, thậm chí trong trăm triệu hoàn cảnh cũng chưa chắc tìm được một, vậy mà lại xảy ra trên người hắn.\r\n\r\nLục Thiếu Du ngẫm lại, mình vừa mới tốt nghiệp đại học hạng ba, cũng tìm được công việc vặt vãnh ở trong một văn phòng nhỏ. Trong khi đang giúp cấp trên photo tài liệu thì không ngờ máy photocopy bị rò điện, hắn bị chết bất đắc kỳ tử mà xuyên qua.\r\n\r\nKiếp trước không nói làm gì, tiền đồ xa vời, xuyên qua cũng tốt, nói không chừng xuyên qua đến một thế giới khác sẽ đạt được thành tựu lớn hơn. Dựa theo những hiểu biết của bản thân hắn trong tiểu thuyết, người xuyên qua, không một người nào đạt được thành tựu quá thấp. Nguyên một đám không phải thê thiếp thành đàn thì cũng là bá chủ của thế giới mới, kém cỏi nhất cũng làm phú nhị gia, hẳn là mình cũng không quá xui xẻo.\r\n\r\nXác định mình bị xuyên qua, Lục Thiếu Du không có bất kỳ cảm giác đau khổ hay tiếc nuối gì mà ngược lại hắn cảm thấy mình như được giải thoát. Kiếp trước hắn không phải là người có chức có quyền, cũng không phải người giàu có, tiền đồ rất xa vời, tương lai mờ mịt.\r\n\r\n- Nơi này là chỗ nào, tại sao ta lại xuyên đến chỗ quỷ quái này?\r\n\r\nLục Thiếu Du đánh giá xung quanh, bắt đầu lục lọi ký ức còn lưu lại trong đầu, một đoạn ký ức không thuộc về hắn.\r\n\r\nSau một lát, Lục Thiếu Du có loại xúc động muốn tự sát để xem có thể xuyên qua lần nữa hay không. Người khác xuyên qua không phải thành thiếu gia thì cũng là Vương gia, không thì cũng anh tuấn tiêu sái, phong độ bức người, là công tử gia tộc hoặc thế lực lớn.\r\n\r\nMà thân thể hắn xuyên vào mặc dù ở thế giới này cũng là một thiếu gia nhưng lại hữu danh vô thực. Vị thiếu gia này cũng tên là Lục Thiếu Du, năm nay vừa mới mười sáu tuổi, là một người con riêng, địa vị của hắn trong gia tộc ngay cả người hầu đều không bằng. Ngoài ra hắn còn có một mẫu thân, trước là người hầu trong gia tộc, sau khi sinh hạ vị thiếu gia này thì càng bị vợ cả ức hiếp, cùng trải qua ngày tháng so với nô tài còn không bằng.\r\n\r\nHai mẫu thân con, ngày bình thường thì luôn bị người trong gia tộc ức hiếp, ngay cả nô bộc cũng không để họ vào mắt. Đặc biệt là mấy nha hoàn đi theo vợ cả, càng hay tìm cớ để làm nhục bọn họ.\r\n\r\nNgay như ngày hôm qua, chỉ vì chống đối vài câu mà vị thiếu gia này đã bị bọn chúng đánh cho một trận, nhưng không ngờ tới bị đánh đến chết. Đoán chừng những người kia thấy người bị chết mà sợ hãi nên mới đem vị thiếu gia này vất xuống vách núi, thi thể rơi vào đầm nước dưới vách núi, còn mình thì vì nhân phẩm bạo phát mà xuyên qua nhập vào thân thể của hắn.\r\n\r\nNghĩ mình xuyên không lấy được thân thế như vậy, Lục Thiếu Du có chút khóc không ra nước mắt, rốt cuộc nhân phẩm của mình tốt hay không tốt đây? Kiếp trước mình cũng chưa làm chuyện tốt gì, xem ra nhân phẩm cũng không thể tốt được a.\r\n\r\nNhập gia thì tùy tục, Lục Thiếu Du cũng không có cách nào khác, may mắn lắm mới không chết, trên đời này làm gì có chuyện thập toàn thập mỹ, dù thế nào đi chăng nữa không chết chính là có phúc, gặp đại nạn mà không chết tất sau này sẽ có phúc.\r\n\r\n- Nể mặt ta và ngươi cùng tên là Lục Thiếu Du, ta lại dùng thân thể của ngươi, mối thù của ngươi sau này có cơ hội ta sẽ giúp ngươi báo, mẫu thân của ngươi ta cũng sẽ giúp ngươi chăm sóc.\r\n\r\nLục Thiếu Du thầm thì tự nói.\r\n\r\nLục Thiếu Du vừa nói xong, đầu óc dường như thông suốt, một cỗ trọc khí thoát ra từ đầu rồi tiêu tán không không gian.\r\n\r\n- Xem ra oán khí của ngươi cũng sâu a, mối thù của ngươi, Lục Thiếu Du ta chỉ cần có cơ hội nhất định sẽ báo cho ngươi.\r\n\r\nLục Thiếu Du chăm chú nhìn lên trời cao nói lại một lần nữa.\r\n\r\nNói xong, Lục Thiếu Du không thể không nghĩ đến một vấn đề nan giải lúc này. Bây giờ hắn đang nằm trong đầm nước, dưới lưng dường như tựa vào một thân cây khô, nước trong đầm rất lạnh, xem ra bây giờ hẳn là mùa đông. Mà hắn ngâm trong nước đã lạnh đã rất lâu rồi thì phải, cả người đã sớm tê cóng, không còn bao nhiêu tri giác.\r\n\r\nGiãy dụa cố bơi về hướng bên cạnh đầm nước, Lục Thiếu Du không khỏi thầm rủa một tiếng, hai chân của hắn dường như bị chặt đứt, hai tay thì ngay từ đầu còn không cảm thấy gì nhưng vừa cố di chuyển một chút thì phát hiện ra hai tay cũng bị gãy xương. Lúc này, hắn căn bản không thể dùng sức, đừng nói bơi đến bên cạnh đầm nước, ngay cả di chuyển nửa phân cũng khó có khả năng.\r\n\r\n- Ông trời a, ngươi đừng chơi ta như vậy mà.\r\n\r\nLục Thiếu Du bất đắc dĩ nhìn trời mắng, bây giờ mình hoàn toàn không nhúc nhích được, không phải nằm chờ bị động lạnh đến chết sao?\r\n\r\n- Vèo...\r\n\r\nMột hồi âm thanh truyền vào trong tai Lục Thiếu Du, giống như là có con vật gì đó di chuyển trong nước với tốc độ vô cùng nhanh.\r\n\r\n- Không phải là Yêu thú chứ?\r\n\r\nTrong đầu Lục Thiếu Du hiện lên một từ đáng sợ, theo như tin tức trong đầu lưu lại, Lục Thiếu Du biết được thế giới này khác với thế giới trước kia của mình. Đây là thế giới lấy vũ vi tôn, toàn bộ thế giới bao la vô cùng, trong đó có Yêu thú, Linh thú, Vũ giả và Linh sư tồn tại.\r\n\r\nVũ giả và Linh sư trong thế giới này có địa vị vô cùng cao, đặc biệt là Linh sư, địa vị của họ có thể nói là tối thượng.\r\n\r\nMà thân thể của vị thiếu gia hắn xuyên qua này, không có cách nào trở thành Vũ giả cũng vô pháp trở thành Linh sư, chính vì vậy địa vị trong gia tộc mới thấp kém không bằng cả nô bộc.',1,'2023-05-20 00:41:28'),('2','Nhân phẩm có vấn đề (2)','- G ri...\r\n\r\nNgay tại lúc Lục Thiếu Du đang suy nghĩ xem có phải yêu thú đang tiến về phía mình hay không thì từ trên không một chuỗi âm thanh rít gào truyền đến. Ngay lập tức trước mắt hắn như bị mây đen bao phủ. Một con chim khổng lồ dài hơn trăm thước xuất hiện trên không trung.\r\n\r\nCách chim mở rộng, bay lượn ngay khoảng không trên đầu Lục Thiếu Du. Con chim này có điểm giống chim ưng nhưng phủ bên ngoài bộ lông màu xanh, dưới bụng có lông tơ màu trắng. Hai chân có móng vuốt sắc nhọn uốn cong, thoạt nhìn như lưỡi dao sắc bén, hai mắt Cự Ưng chăm chú nhìn xuống phía hắn.\r\n\r\n- Yêu thú, chẳng lẽ ta vừa mới xuyên qua đã phải trở thành món ăn trong bụng yêu thú sao?\r\n\r\nLục Thiếu Du vô cùng kinh ngạc, ở kiếp trước lấy đâu ra một con chim ưng lớn như vậy. Lập tức, Lục Thiếu Du bất đắc dĩ mà nở nụ cười khổ, bây giờ mình không thể di chuyển, yêu thú mà muốn ăn thịt mình thì cũng chỉ có thể trơ mắt nhìn.\r\n\r\n- Vèo vèo...\r\n\r\nLục Thiếu Du cảm giác được phía sau mình tựa hồ đang có con vật gì đó bay đến, hai cánh nó vuốt trên mặt nước làm mặt nước cuộn sóng, mà hắn cũng bị sóng cuộn ra phía ngoài.\r\n\r\n- Dát dát...\r\n\r\nTrên không trung, Cự Ưng kêu lên một tiếng, hung quang trong mắt vừa lộ, hai cánh chấn động, mang theo gió lốc lao thẳng xuống dưới, móng vuốt co lại, như xuyên qua không gian lao xuống tựa tia chớp.\r\n\r\n- Mạng ta xong rồi.\r\n\r\nTrong lòng Lục Thiếu Du chỉ còn một mảnh lạnh lẽo, vừa mới xuyên qua cuối cùng lại trở thành món ăn trong bụng của yêu thú, vận số của ta cũng quá kém đi.\r\n\r\n- Vèo...\r\n\r\nNgay lúc Lục Thiếu Du tuyệt vọng, trước mắt hắn đột ngột xuất hiện một một mảnh tối đen, một cái bóng to lớn từ phía sau đầu hắn nhảy lên. Tốc độ quá nhanh, Lục Thiếu Du vội ngước mắt nhìn lên cũng chỉ có thể trông thấy là một con Yêu thú phi hành lớn hơn trăm thước có điểm giống con dơi, toàn thân màu trắng tinh, dưới bụng yêu thú có một lỗ hổng to, máu tươi từ đó không ngừng chảy ra, hẳn là con yêu thú này đang bị thương.\r\n\r\n- Phanh! Phanh!\r\n\r\nChỉ trong tích tắc, hai con yêu thú đã đụng độ nhau trên không, những tiếng rít gào xuyên qua không gian vang vọng xung quanh Lục Thiếu Du. Hắn nằm trong đầm nước, mặt nước không ngừng dao động nhưng bản thân hắn thì lại không thể nhúc nhích.\r\n\r\nSau khi va chạm mấy lần, Lục Thiếu Du thấy, Yêu thú Cự Ưng thu lại móng vuốt, hai cánh chấn động, mang theo gió lốc hung hăng chụp xuống Yêu thú dơi.\r\n\r\n- Chi chi.\r\n\r\nCon dơi khổng lồ rít lên, ngay lúc Lục Thiếu Du còn đang kinh ngạc, trong miệng yêu thú đã tràn ra một đoàn sương mù màu trắng.\r\n\r\nSương mù màu trắng phun ra, giữa không trung một cỗ hàn khí bắt đầu khuếch tán. Trong tích tắc, hàn khí quét qua khiến cả đầm nước bị đóng băng.\r\n\r\nTrên không, Cự Ưng cũng bị đông lạnh trở thành khối băng, thân hình khổng lồ lập tức rơi thẳng xuống đầm nước.\r\n\r\n- Ầm...\r\n\r\nCự Ưng đã rơi xuống trên mặt băng, mặt băng bị phá vỡ, xuất hiện vô số khe nứt. Cùng lúc này con yêu thú dơi dường như cũng trở nên suy yếu, nó hạ xuống mặt băng, từ từ tiến tới gần Cự Ưng Yêu.\r\n\r\n- Rắc.\r\n\r\nLục Thiếu Du vừa nhìn lại đã thấy yêu thú dơi há miệng lộ ra hai chiếc răng nanh bén nhọn cắn xuống, một ngụm đem da cùng lông trên bụng Cự Ưng xé ra, một viên ngọc to cỡ nắm tay trẻ con, toàn thân phát ra ánh sáng màu xanh, bên trên còn dính máu lăn xuống mặt băng.\r\n\r\n- Yêu đan? Yêu thú ít nhất phải đạt tứ giai mới có yêu đan.\r\n\r\nLục Thiếu Du từ trí nhớ trong đầu biết được, loại yêu đan này, yêu thú ít nhất phải đạt đến tứ giai mới có, những yêu thú tam giai trở xuống sẽ không có yêu đan. Yêu đan hình như là rất giá trị.\r\n\r\n-Dát dát...\r\n\r\nKhi Cự Ưng bị yêu thú dơi xé mở bụng lộ ra yêu đan. Trong nháy mắt, quanh thân Cự Ưng phát ra một ngọn lửa, ngay lập tức làm băng tan, cái mỏ sắc bén mổ thẳng vào vết thương trên bụng của yêu thú dơi. Ngay sau đó bụng của yêu thú dơi không ngừng chảy máu, một viên ngọc lớn chừng nắm tay trẻ con dính đầy tơ máu tràn ngập tia sáng nhu hòa bị đánh rơi trên mặt băng.\r\n\r\n- Đây cũng là yêu đan sao...?\r\n\r\nLục Thiếu Du kinh ngạc nói, yêu thú tứ giai trở lên rất khó bắt gặp, không ngờ dưới vách núi lại này một lát mà thấy những hai con.\r\n\r\n-Ô ô!\r\n\r\nYêu thú dơi bị đau, nó kêu lên thảm thiết rồi dùng cái răng nanh cắn mạnh vào cổ của Cự Ưng, trực tiếp cắn đứt cổ Cự Ưng, tia máu không ngừng phun ra, lần này con Cự Ưng hoàn toàn chết hẳn.\r\n\r\nBây giờ, mặt băng bắt đầu thay đổi lần thứ hai, Lục Thiếu Du lạnh run cả người, môi trắng bệch không có chút huyết sắc, mặt tái xanh, thân thể hầu như cứng đơ. Nhìn hai con yêu thú khổng lồ đại chiến như một ảo giác khi xem phim 3D, thật là làm cho người ta kinh hoàng.\r\n\r\n- Chi chi...\r\n\r\nTrên mặt nước, yêu thú dơi ngậm viên yêu đan của Cự Ưng trong miệng của mình, hai cánh xẹt qua trên mặt nước lạnh. Ngay sau đó, nó chậm rãi hướng tới gần Lục Thiếu Du.\r\n\r\n- Phiền toái rồi đây.\r\n\r\nLục Thiếu Du nhìn con yêu thú dơi đang hướng tới gần mình, trong lòng cảm thấy tuyệt vọng, hai mắt yêu thú kia đang nhìn hắn chằm chằm.\r\n\r\n- Chi chi!\r\n\r\nYêu thú dơi bay đến bên người Lục Thiếu Du, cổ họng của con dơi phát ra một tiếng vang, với thân thể khổng lồ, một con mắt của nó còn lớn hơn cả người Lục Thiếu Du. Trong mắt của nó không hề có ác ý, ngược lại ánh mắt rất chân thành nhìn chăm chú vào Lục Thiếu Du.\r\n\r\nLục Thiếu Du tưởng rằng mình chết chắc rồi, hắn nhìn vào thân hình to lớn của yêu thú, dường như yêu thú này không có ác ý với mình:\r\n\r\n- Ngươi có chuyện gì muốn ta giúp sao?\r\n\r\nLục Thiếu Du thử nói một câu để thăm dò, nghe nói yêu thú cao giai đều là linh vật của thiên địa, nhất định sẽ có linh trí.\r\n\r\n- Chi chi!\r\n\r\nNghe được Lục Thiếu Du nói, con yêu thú dơi phát ra một âm thanh vui sướng, khẽ gật đầu, hình như đang đáp lại Lục Thiếu Du.\r\n\r\nCon dơi này quả thật hiểu được lời của mình, Lục Thiếu Du sửng sốt một chút. Nếu như là trước đây, nhất định Lục Thiếu Du sẽ bị dọa cho giật hết cả mình, nhưng bây giờ hắn lại cảm thấy không có gì là quá kinh ngạc, bản thân hắn có thể chuyển kiếp thì còn có cái gì không thể tiếp nhận đây?\r\n\r\n- Ta nói yêu thú huynh này, ngươi nhìn ta đi, tự thân ta còn khó bảo toàn, làm sao có thể giúp huynh?\r\n\r\nLục Thiếu Du nhìn yêu thú dơi cười khổ một cái rồi nói.\r\n\r\n- Chi chi\r\n\r\nTựa như nghe hiểu Lục Thiếu Du nói, con dơi yêu thú cúi đầu chăm chú đánh giá hắn, sau đó phát ra một âm thanh trầm thấp, nhảy mạnh lên lấy hai móng vuốt ấn vào bụng Lục Thiếu Du, Lục Thiếu Du không tự chủ được há hốc miệng ra.',1,'2023-05-22 22:07:34'),('3','Băng hỏa lưỡng trọng thiên','- Ột ột…\r\n\r\nHai tiếng, Lục Thiếu Du hoàn không kịp phản ứng, trong miệng đã có hai viên yêu đan, ngay sau đó hai dòng chất lỏng nóng và lạnh trong xuất hiện trong cổ họng hắn. Một chất lỏng nóng như lửa đốt cháy trong thân thể hắn, trong khoảnh khắc trong cơ thể Lục Thiếu Du giống như lò thiêu. Chất lỏng còn lại thì lạnh lẽo như băng, ngay lập tức làm thân hình hắn kết thành một khối băng.\r\n\r\n- Chi Chi...\r\n\r\nLần thứ hai, yêu thú dơi kêu lên, đôi mắt nó nhìn uể oải đi không ít, sau đó cánh bên phải rung lên, từ cánh dưới cánh chim có một con rắn nhỏ màu vàng dài tầm 10 tấc bị giũ ra.\r\n\r\n- Chi chi!\r\n\r\nYêu thú dơi kêu lên chi chi lần nữa, con rắn màu vàng dường như hiểu ý nó, ngay sau đó con rắn bò lên trên người Lục Thiếu Du, từ trên cổ chui vào quần áo của hắn.\r\n\r\nNhìn thấy con rắn màu vàng nhỏ bò vào quần áo Lục Thiếu Du, con yêu thú dơi nhìn chăm chú vào Lục Thiếu Du, trong ánh mắt mang theo khẩn cầu.\r\n\r\nLúc này Lục Thiếu Du không thể nói chuyện, trong cơ thể hắn có hai dòng năng lượng đang không ngừng lan tỏa. Hai năng lượng nóng lạnh cùng tiến tới, quả thực giống như hai thế giới băng hỏa khác nhau, Lục Thiếu Du muốn kêu thảm thiết nhưng không thể phát ra được thanh âm nào.\r\n\r\nSau một lát, Lục Thiếu Du cũng không cách nào kiên trì được nữa, hắn ngất đi ngay trên mặt nước nên không thể biết được thân thể mình đang biến hóa thế nào. Giống như đầm nước này, bên trái bờ hơi nóng bốc lên nghi ngút, bên phải bờ băng đá chưa tan, trên mặt Lục Thiếu Du, một bên tái nhợt, một bên đỏ bừng.\r\n\r\n- Còn chưa chết sao?\r\n\r\nLục Thiếu Du tỉnh lại, mở hai mắt ra, nhận ra mình đang nằm trên bờ, thân thể dựa vào một cây cây khô phía sau.\r\n\r\n- Ô, cử động được rồi.\r\n\r\nLục Thiếu Du hơi giật giật chân tay, phát hiện hai chân bị mất cảm giác, đôi tay bị gãy nay đã được khôi phục, hoàn hảo vô khuyết.\r\n\r\n- Đã chết rồi sao, yêu thú huynh, đa tạ ngươi.\r\n\r\nLục Thiếu Du thấy bên cạnh mình, con yêu thú dơi toàn thân trắng tinh đang nổi trên mặt nước, giống như là một chiếc thuyền lớn.\r\n\r\nThấy thân thể khôi phục, Lục Thiếu Du đoán rằng việc này có liên quan đến việc con yêu thú dơi cho hắn ăn yêu đan. Yêu đan vô cùng quý giá, tất nhiên có thể có tác dụng thần kỳ.\r\n\r\nLục Thiếu Du bò lên bờ, đối diện với hồ nước lạnh, nhìn thi thể con dơi yêu thú nói rằng:\r\n\r\n- Thân thể ngươi to lớn như vậy, ta cũng không thể nào mai táng cho ngươi, hồ nước lạnh này coi như mộ địa rồi.\r\n\r\nSau đó, hắn đánh giá bốn phía, bây giờ phải tìm cách rời khỏi vách núi này.\r\n\r\nLục gia, ở Trấn Thanh Vân được coi như là một đại gia tộc, nhắc tới Lục gia, người Trấn Thanh Vân ai ai cũng biết. Lão gia chủ của Lục gia đã đạt tới cảnh giới Vũ tướng, ở trong toàn bộ Trấn Thanh Vân cũng là nhân vật số một số hai.\r\n\r\nMà Lục gia không chỉ là thế gia vũ đạo mà đồng thời cũng kinh doanh không ít cửa hàng ở Trấn Thanh Vân, nghe nói cơ ngơi bên ngoài trấn cũng không ít.\r\n\r\nMàn đêm buông xuống, hàn khí trên bầu trời bắt đầu lan tỏa làm bông tuyết tung bay, một thiếu niên từ trong màn đêm đi ra, dáng người đơn bạc, quần áo vừa cũ vừa rách nát, thân hình cô độc đón từng cơn gió lạnh phiêu đãng trong không gian, càng hiện lên sự nghèo túng.\r\n\r\nThiếu niên đi về hướng Trấn Thanh Vân, trước một khu nhà lớn, vừa đi trước vừa lẩm bẩm nói:\r\n\r\n- Đây là Lục gia sao?\r\n\r\nVị thiếu niên này không thể là ai khác, đó chính là Lục Thiếu Du.\r\n\r\nTheo vách núi bò lên Lục Thiếu Du mất thời gian hết ba ngày, khi leo lên vách núi, Lục Thiếu Du phát hiện bản thân mình dường như có một sức mạnh rất lớn, cuồn cuộn không hết, bằng không hắn cũng không bò lên được vách núi đó.\r\n\r\nLục gia được bao quanh bởi tường cao, đình viện nối tiếp nhau không ngớt, dựa theo trí nhớ của Lục Thiếu Du, phong cách kiến trúc của Lục gia có điểm giống lâm viên Tô Châu ở kiếp trước.\r\n\r\n- Cốc cốc...\r\n\r\nLục Thiếu Du gõ vào cửa lớn của Lục gia, bây giờ bụng hắn đã kêu lên ùng ục vì đói.\r\n\r\n- Cọt kẹt.\r\n\r\nCửa lớn Lục gia mở ra, hai người hầu đầu đội mũ mềm, mặc y phục xám đi ra, vừa thấy Lục Thiếu Du, trong mắt hai tên người hầu này lộ ra thần sắc kinh ngạc.\r\n\r\n- Ngươi phải đi cửa sau, Phu Nhân đã thông báo, ngươi không thể đi cửa trước.\r\n\r\nHai người hầu kinh ngạc nhìn Lục Thiếu Du trong chốc lát nhưng ngay sau đó cũng không để Lục Thiếu Du vào trong mắt, đem của lớn khép lại.\r\n\r\n- Hai tên cẩu nô tài, còn tưởng ta là Lục Thiếu Du trước kia sao? Về sau sẽ khiến các ngươi biết thế nào là khinh thị ta.\r\n\r\nLục Thiếu Du nhổ ra một ngụm nước bọt trước cửa lớn Lục gia, sau đó hướng cửa sau đi đến.\r\n\r\nDựa theo trí nhớ trong đầu, Lục Thiếu Du biết được vị Lục thiếu gia này từ trước đến nay chưa từng được bước qua cửa lớn Lục gia. Mặc dù là thiếu gia Lục gia, nhưng mẫu thân hắn chỉ là một nha hoàn, địa vị thấp kém, sau khi hạ sinh hắn càng bị vợ cả đối xử tàn tệ, phụ thân hắn cũng không dám có ý kiến gì, mẫu thân hắn vì thế mà phải nhẫn nhục chịu đựng.\r\n\r\n- Thiếu Du thiếu gia, rốt cục người đã trở về, người đã mất tích năm ngày rồi, Nhị phu nhân nhớ ngươi muốn chết, ngươi nhanh trở về đi.\r\n\r\nCửa sau vừa mở ra, một lão nhân nhìn thấy Lục Thiếu Du, vội vàng ân cần nói, trong mắt mang theo vài phần thương cảm.\r\n\r\n- Ta biết rồi, Nam thúc.\r\n\r\nTheo trong trí nhớ, Lục Thiếu Du nhận ra lão bộc này tên là Nam thúc, ngoài mẫu thân ra, ông cũng là người đối tốt với hắn, khi hắn còn bé vẫn luôn để ý chăm sóc hắn.\r\n\r\n- Ồ, chẳng lẽ ta nhìn sai rồi?\r\n\r\nNhìn bóng lưng Lục Thiếu Du, trong đôi xám tro của lão bộc chợt lóe lên tinh quang nhưng ngay sau đó khôi phục lại ánh mắt tối tăm, mờ mịt, rồi từ từ đóng lại cửa sau.\r\n\r\nLục Thiếu Du đi qua mấy hành lang dài, đến một một đình viện thấp bé, đây là chỗ ở của người hầu trong Lục gia. Lục gia chính là gia tộc lớn trong trấn, riêng người hầu cũng có hai ba trăm người, mà tộc nhân của Lục gia, trực hệ cùng chi thứ cộng lại cũng gần bảy trăm người, một gia tộc gần bảy trăm người tất nhiên không nhỏ.\r\n\r\nMột nơi có những đình viện cũ nát ở phía trước, Lục Thiếu Du đi vào trong viện, đứng trước một đình viện có chút cũ nát, do dự một trong chốc lát, sau đó Lục Thiếu Du đẩy cửa phòng ra.\r\n\r\n- Thiếu Du, con đã đi đâu vậy, mẫu thân lo cho con muốn chết.\r\n\r\nTrong phòng có một vị phụ nhân, mặc y phục màu xanh nhạt, khoảng chừng ba mươi sáu ba mươi bảy tuổi, gương mặt thanh tú, hai hàng lông mày thon dài, khuôn mặt hơi tròn, cũng có thể coi là một mỹ nhân, trong mắt vẫn còn lưu lại tơ huyết, dường như vừa mới khóc.\r\n\r\nPhụ nhân này vừa thấy Lục Thiếu Du thì vội vàng tiến đến, nhìn Lục Thiếu Du một thân tả tơi, rách nát thì hốc mắt lại ngấn nước.',1,'2023-05-23 15:25:09'),('1','Trùng sinh (nhất)','\"Ngụy Vô Tiện chết rồi. Thật hả lòng hả dạ!\"\r\n\r\nCuộc vây quét lớn trên Loạn Táng Cương vừa kết thúc, chưa sang ngày, tin này dường như đã chắp cánh bay khắp giới tu chân. So với tốc độ lan tràn chiến tranh ngày trước, rõ ràng chỉ có hơn chứ không hề kém.\r\n\r\nChỉ trong phút chốc, dẫu là danh môn thế gia hay tán tu (*) nơi sơn dã, ai ai cũng bàn luận về lần vây quét do liên minh tứ đại huyền môn (**) thế gia dẫn đầu cộng thêm trăm nhà lớn bé cùng tham gia hỗn chiến này.\r\n\r\n(*) Tán tu: Người tu luyện tự do, không theo bất kì môn phái nào.\r\n\r\n(**) Huyền môn: Dựa theo câu của Lão Tử: \"Huyền chi hựu huyền, chúng diệu chi Môn\" – ý chỉ Đạo Giáo.\r\n\r\n\"Hay hay hay, thiệt là hả lòng hả dạ! Là vị danh sĩ anh hùng nào tự tay đâm Di Lăng lão tổ thế?\"\r\n\r\n\"Còn ai nữa ngoài sư đệ hắn – Tiểu tông chủ Giang Trừng – đại nghĩa diệt thân, dẫn đầu tứ đại gia tộc Vân Mộng Giang thị, Lan Lăng Kim thị, Cô Tô Lam thị, Thanh Hà Nhiếp thị, tận diệt hang ổ Loạn Táng Cương của Ngụy Vô Tiện.\"\r\n\r\n\"Ta phải nói một câu công bằng: Giết hay lắm.\"\r\n\r\nNgay lập tức có kẻ vỗ tay lớn tiếng phụ họa: \"Ngươi nói đúng, giết hay lắm! Nếu không nhờ Vân Mộng Giang thị nhận nuôi hắn dạy dỗ hắn, đời này Ngụy Anh chỉ là hạng xoàng xĩnh lăn lộn nơi đầu đường xó chợ... còn đòi gì hơn? Trước kia Giang tông chủ nuôi dạy hắn như con ruột, hắn thì giỏi rồi, dám ngang nhiên thoát ly gia tộc, đối đầu với bách gia, làm mất hết mặt mũi Vân Mộng Giang thị, lại còn hại nhà họ Giang chết thảm gần hết. Sói mắt trắng vong ân phụ nghĩa, là hắn chứ còn ai!\"\r\n\r\n\"Giang Trừng sao cứ để thằng tôi tớ này xấc xược bấy lâu? Gặp ta, lúc trước họ Ngụy kia chạy trốn, ta đâu chỉ đâm hắn một đao, mà sẽ thẳng tay thanh lý môn hộ, như thế hắn đã không có cơ hội làm những việc điên dại sau này. Với cái ngữ ấy còn nói gì đến mấy thứ tình cảm đồng môn đồng tu, thanh mai trúc mã?\"\r\n\r\n\"Nhưng ta nghe được đâu giống vầy? Chẳng phải Ngụy Anh gặp phản phệ do tu luyện tà thuật, bị quỷ tướng dưới quyền cắn xé gặm nhấm đến chết sao? Nghe đồn hắn đang sống sờ sờ mà bị cắn nát thành bột.\"\r\n\r\n\"Hahahahaha...Đây phải gọi là quả báo ngay trong kiếp này. Ta muốn nói lâu rồi, lũ quỷ tướng hắn nuôi kia cứ như đám chó điên lỏng xích, cắn càn khắp nơi, cuối cùng cắn chết chủ, đáng kiếp!\"\r\n\r\n\"Tuy đồn là thế, nhưng lần vây quét Loạn Táng Cương này, nếu không nhờ tiểu Giang tông chủ vạch ra kế hoạch dựa trên nhược điểm của Di Lăng lão tổ, thành bại còn khó nói. Các ngươi cũng đừng quên Ngụy Vô Tiện nắm trong tay thứ gì; ngày trước, hơn ba nghìn tu sĩ nổi danh đã bị diệt sạch toàn quân trong một đêm ra sao\".\r\n\r\n\"Không phải năm nghìn hả?\"\r\n\r\n\"Ba với năm khác gì. Ta thấy năm nghìn còn có lý hơn ấy.\"\r\n\r\n\"Đúng là điên rồ mà...\"\r\n\r\n\"Trước khi chết hắn đã phá hủy Âm Hổ Phù, cũng coi như tích chút âm đức. Bằng không giữ món đồ quỷ quái kia lại tiếp tục gieo họa nhân gian, nghiệp chướng sẽ càng thêm nặng nề.\"\r\n\r\nBa chữ \"Âm Hổ Phù\" vừa thốt ra, xung quanh bỗng lặng ngắt như tờ, dường như ai cũng đang dè chừng điều gì đó.\r\n\r\nLát sau, có người than thở:\r\n\r\n\"Haizz...Phải nói Ngụy Vô Tiện năm xưa cũng là công tử thế gia vô cùng nổi tiếng trong tiên môn, cũng đâu phải chưa từng có những câu chuyện đẹp. Tuổi trẻ thành danh, vinh quang đắc ý xiết bao... Rốt cuộc vì sao hắn lại đi đến nước này?\"\r\n\r\nĐề tài thay đổi, tiếng bàn tán lại xôn xao không ngừng.\r\n\r\n\"Vậy mới thấy, tu luyện chung quy cũng không thể chệch khỏi con đường chính thống. Tà ma ngoại đạo, hào quang rực rỡ nhất thời, làm như tài giỏi lắm, ghê gớm lắm? Hừ, cuối cùng kết cục ra sao?\"\r\n\r\nHồi đáp hùng hồn: \"Chết không toàn thây!\"\r\n\r\n\"Cũng không hẳn do con đường tu luyện làm hại, suy cho cùng vẫn bởi Ngụy Vô Tiện này nhân phẩm quá kém, trời giận người trách mà. Đây gọi là thiện ác ắt có báo, đạo trời mãi tuần hoàn.\"\r\n\r\n...\r\n\r\nSau khi chết, đóng nắp quan tài mới bàn chuyện đúng sai. Tất cả nội dung bàn tán đều na ná như nhau, thi thoảng có đôi lời ngược dòng yếu ớt, cũng sẽ bị đè xuống ngay.\r\n\r\nChỉ là, thâm tâm mỗi người vẫn lởn vởn một làn sương không sao xua tan nổi.\r\n\r\nTuy nói Di Lăng lão tổ Ngụy Vô Tiện đã bỏ mình nơi Loạn Táng Cương, nhưng sau khi xong chuyện lại không thể triệu hồi tàn hồn của hắn.\r\n\r\nCó lẽ hồn phách hắn đã bị xơi tái khi vạn quỷ xâu xé, hoặc biết đâu đã trốn thoát mất rồi.\r\n\r\nNếu là vế trước, hiển nhiên nhà nhà mừng rỡ, chốn chốn hoan ca. Nhưng Di Lăng lão tổ đủ sức lật đất nghiêng trời, dời non lấp biển – ít ra tin đồn là vậy, nếu hắn muốn kháng cự việc gọi hồn cũng chẳng phải chuyện khó. Một mai hắn hồi phục nguyên thần, đoạt xá sống lại, khi đó trăm nhà huyền môn, thậm chí toàn bộ thế gian này chắc chắn phải hứng chịu đòn trả thù và nguyền rủa còn điên cuồng rồ dại hơn nữa, sa vào gió tanh mưa máu mịt mùng tối tăm.\r\n\r\nVậy nên, sau khi đặt một trăm hai mươi tòa thạch thú trấn sơn trên đỉnh Loạn Táng Cương, các gia tộc lớn cũng bắt đầu thường xuyên tiến hành nghi thức gọi hồn, đồng thời rà soát nghiêm ngặt những vụ đoạt xá, nghe ngóng chuyện dị thường khắp nơi, hết sức đề phòng.\r\n\r\nNăm đầu tiên, sóng yên gió lặng.\r\n\r\nNăm thứ hai, sóng yên gió lặng.\r\n\r\nNăm thứ ba, sóng yên gió lặng.\r\n\r\n...\r\n\r\nNăm thứ mười ba, sóng vẫn yên, gió vẫn lặng.\r\n\r\nĐến năm này, rốt cuộc ngày càng nhiều người tin có lẽ Ngụy Vô Tiện cũng chẳng tài ba đến thế, e rằng hắn đã thực sự hồn phi phách tán rồi.\r\n\r\nCho dù đã từng chọc trời khuấy nước, rốt cuộc cũng có ngày trở thành kẻ bị lật đổ.\r\n\r\nChẳng có ai vĩnh viễn được thờ phụng trên thần đàn, truyền thuyết cũng chỉ là truyền thuyết mà thôi.',4,'2023-05-24 14:13:18'),('2','','',4,'2023-05-24 14:13:18'),('3','Bát dã (nhất)','Hắn vốn định rửa mặt, chiêm ngưỡng dung nhan của vị thân chủ đã khuất một phen, nhưng trong phòng không có nước, cả nước uống lẫn nước rửa tay.\r\n\r\nChỉ có duy nhất một vật trông từa tựa cái chậu, Ngụy Vô Tiện chắc mẩm nó dùng để đi ngoài, chứ không phải để rửa mặt.\r\n\r\nĐẩy cửa, cửa đã bị gài then từ bên ngoài, xem ra là sợ hắn xông ra chạy lung tung.\r\n\r\nChẳng có gì cho hắn cảm nhận được chút niềm vui khi sống lại hết!\r\n\r\nHắn dứt khoát tĩnh tọa một lúc để thích ứng với cơ thể mới, lần này ngồi luôn cả ngày. Khi mở mắt, có ánh nắng từ khe cửa sổ rọi vào phòng. Tuy có thể đứng dậy đi lại, nhưng vẫn hoa mắt chóng mặt, không thấy khá hơn. Ngụy Vô Tiện ngấm ngầm cảm thấy kỳ lạ: \"Tên Mạc Huyền Vũ này tu vi quá thấp nên thôi bỏ qua không tính linh lực của hắn, nhưng làm gì có chuyện ta không điều khiển được cơ thể này, sao lại khó xài vậy chứ?\"\r\n\r\nCho đến khi bụng réo òng ọc, hắn mới hiểu chuyện này căn bản không liên quan đến tu vi linh lực, mà chẳng qua cái thân thể chưa từng tích cốc (*) này đói bụng đó thôi. Hắn mà không đi kiếm ăn, chưa biết chừng sẽ trở thành lệ quỷ tà thần đầu tiên trong lịch sử vừa nhập xác đã chết đói ngay lập tức.\r\n\r\n(*) Một phép dưỡng sinh cổ, chủ trương nhịn ăn ngũ cốc (có thể thay thế bằng hoa quả, thảo dược) để nâng cao sức khỏe kéo dài tuổi thọ.\r\n\r\nNgụy Vô Tiện đề khí nhấc chân, đang chuẩn bị đạp cửa xông ra thì chợt nghe một loạt tiếng bước chân lại gần, có người đá đá cửa, sốt ruột kêu: \"Ăn cơm!\"\r\n\r\nTo tiếng đến vậy mà không hề muốn mở cửa, Ngụy Vô Tiện cúi đầu nhìn, thì ra bên dưới cánh cửa này là một cánh cửa nhỏ hơn, vừa đủ để thấy một cái bát nhỏ bị đặt đánh cộp xuống trước cửa.\r\n\r\nGã gia bộc bên ngoài lại quát: \"Nhanh lên! Lề mề cái gì, ăn xong đưa bát ra đây!\"\r\n\r\nCánh cửa này còn nhỏ hơn lỗ chó chui, người không chui được, chỉ có thể đưa bát ra vào. Một bát cơm với hai món ăn, trông rất chán đời. Ngụy Vô Tiện khuấy khuấy đôi đũa cắm trong bát cơm, có phần rầu rĩ:\r\n\r\nDi Lăng lão tổ vừa mới trở về nhân gian đã bị người ta đạp cho một cú chửi rủa một tràng, bữa cơm đón gió tẩy trần đầu tiên của hắn toàn là cơm thừa canh cặn. Gió tanh mưa máu đâu? Gà chó không tha đâu? Cả nhà chết sạch đâu? Nói ra có ma nó tin. Đúng là hổ xuống đồng bằng bị chó khinh, rồng lên nước cạn bị tôm giỡn, phượng hoàng nhổ lông chẳng bằng gà.\r\n\r\nBỗng nghe tên gia bộc ngoài cửa mở miệng, nhưng lần này lại là điệu cười hì hì cứ như một người khác hẳn: \"A Đinh! Muội qua đây.\"\r\n\r\nMột giọng nữ trong trẻo khác đáp lại hắn từ xa: \"A Đồng, lại đến đưa cơm cho thằng cha bị nhốt bên trong à?\"\r\n\r\nA Đồng nhổ một bãi: \"Nếu không thì ta đến cái viện xui xẻo này làm gì!\"\r\n\r\nGiọng A Đinh đã gần hơi nhiều, đến tận trước cửa: \"Một ngày huynh chỉ đưa cơm cho hắn một lần, còn đâu lười biếng cũng chẳng ai nói gì hết, nhàn rỗi thế mà còn ngại xui. Huynh nhìn ta nè, nhiều việc quá muốn ra ngoài chơi cũng không được.\"\r\n\r\nA Đồng than thở: \"Đâu phải ta chỉ đưa cơm cho hắn! Lúc này muội còn dám ra ngoài chơi? Ngần ấy tẩu thi, nhà ai mà không đóng chặt cửa cơ chứ.\"\r\n\r\nNgụy Vô Tiện ngồi xổm, dựa sát vào cửa, bưng bát gẩy đôi đũa cọc cạch, vừa ăn vừa nghe.\r\n\r\nXem ra Mạc gia trang này gần đây không được yên ổn. Tẩu thi, ý trên mặt chữ, tức là người chết biết đi, một dạng thi biến cấp thấp và rất hay gặp. Thông thường ánh mắt chúng đờ đẫn, di chuyển chậm chạp, lực sát thương không hề mạnh nhưng cũng đủ khiến người bình thường lo lắng hãi hùng, chỉ riêng cái mùi hôi thối của chúng đã làm người ta ói nguyên xô.\r\n\r\nNhưng đối với Ngụy Vô Tiện, chúng lại là thứ dễ sai bảo nhất, cũng là con rối ngoan ngoãn nhất, giờ bỗng dưng nghe tên còn cảm thấy có phần thân thiết.\r\n\r\nA Đồng hình như đang liếc mắt đưa tình: \"Nếu muội muốn ra ngoài, trừ phi đưa ta theo, để ta bảo vệ muội...\" A Đinh hỏi: \"Huynh ấy à? Bảo vệ ta? Nói khoác, lẽ nào huynh có thể đánh đuổi mấy thứ kia sao?\" A Đồng hậm hực nói: \"Ta không đánh được thì người khác cũng đừng hòng đánh nổi.\"\r\n\r\nA Đinh cười bảo: \"Làm sao huynh biết người khác không đánh nổi? Ta nói cho huynh biết, hôm nay đã có sứ giả tiên môn đến Mạc gia trang chúng ta, nghe đâu là một thế gia hiển hách vô cùng ghê gớm! Phu nhân đang tiếp đón bọn họ trong sảnh đường, người trên trấn đều tò mò vây kín lại xem. Huynh nghe đi, rất ồn đúng không? Ta không rảnh cãi vã với huynh, chưa biết chừng lát nữa phu nhân sẽ sai bảo ta.\"\r\n\r\nNgụy Vô Tiện chăm chú lắng nghe, quả nhiên hướng đông mơ hồ truyền đến tiếng người ồn ào. Suy nghĩ giây lát, hắn đứng dậy giơ chân lên đạp, then cửa gãy đánh \"rắc\" một tiếng.\r\n\r\nHai gia bộc đang nói nói cười cười mắt đi mày lại thì hai cánh cửa phòng đột ngột mở toang, ai nấy hoảng sợ hét ầm lên. Ngụy Vô Tiện quẳng bát đũa rồi tự ý bước ra, bị ánh nắng chiếu thẳng mặt, trong chốc lát mắt không mở nổi, da cũng hơi nhoi nhói. Hắn đành đưa tay lên che mày, nhắm mắt giây lát.\r\n\r\nVừa rồi A Đồng hét còn chói tai hơn A Đinh, định thần nhìn kĩ té ra là tên điên ai cũng bắt nạt được, lá gan cũng to ra, cảm thấy mình phải lấy lại thể diện vừa mất, bèn nhảy tới vừa xua tay vừa chửi như chửi chó: \"Về, về! Quay về! Ngươi ra ngoài làm khỉ gì!\"\r\n\r\nCho dù đối xử với kẻ ăn mày hay giống ruồi nhặng, cũng sẽ không khó coi đến thế. Ngày xưa quá nửa đám gia bộc này thường xuyên đối xử với Mạc Huyền Vũ kiểu đó, hắn lại chưa từng phản kháng, nên bọn họ mới khinh rẻ trắng trợn như thế. Ngụy Vô Tiện nhẹ nhàng tung một cước đá A Đồng ngã lộn nhào, cười nói: \"Ngươi nghĩ mình đang sỉ vả ai thế?\"\r\n\r\nĐá xong, hắn đi về hướng đông theo tiếng ồn ào. Phòng phía đông trong đông viện bị vô số người vây kín vòng trong vòng ngoài, Ngụy Vô Tiện mới đi được một bước vào sân đã nghe văng vẳng giọng một phụ nữ cao hơn hẳn tiếng xì xào bên ngoài: \"...Nhà chúng tôi có một tiểu bối, cũng từng có tiên duyên...\"\r\n\r\nChắc chắn là Mạc phu nhân lại đang tìm cách móc nối quan hệ với thế gia tu tiên rồi. Ngụy Vô Tiện chẳng đợi bà ta nói xong, vội vàng lách khỏi đám đông bước vào phòng, hăng hái phất tay nói: \"Đến rồi đến rổi, ở đây ở đây!\"\r\n\r\nNgồi trên sảnh đường là một phụ nữ trung niên, nhan sắc được bảo dưỡng tốt, ăn mặc sang trọng, chính là Mạc phu nhân. Ngồi bên dưới bà mới là ông chồng ở rể, phía đối diện là vài thiếu niên áo trắng đeo kiếm ngồi. Trong đám đông đột nhiên xông ra một quái nhân đầu tóc bù xù mặt mũi bẩn thỉu, khiến cả sảnh đường lặng ngắt như tờ. Ngụy Vô Tiện lại vờ như không phát hiện ra bầu không khí chợt lắng xuống, trơ trẽn nói: \"Vừa rồi là ai gọi ta? Có tiên duyên, chẳng phải là ta đó sao!\"\r\n\r\nPhấn trát quá dày, cười phát nứt luôn, đổ rào rào xuống đất. Một thiếu niên áo trắng \"phì\" một tiếng, suýt nữa bật cười, bị thiếu niên ngồi cạnh trông như người đứng đầu liếc mắt ra chiều không đồng ý, bấy giờ mới nghiêm mặt lại.\r\n\r\nNgụy Vô Tiện nghe tiếng bèn đảo mắt qua, cũng có phần bất ngờ. Hắn cứ đinh ninh mấy đứa gia bộc ngu dốt thổi phồng lên thôi, ai ngờ người đến đây lại đúng là đệ tử tiên môn của \"gia tộc hiển hách.\"\r\n\r\nMấy thiếu niên này vạt áo mềm mại, dải dây lưng phất phới bay, tiên khí ngút trời, trông cực kỳ đẹp mắt, bộ đồng phục kia nhìn qua là biết họ đến từ Cô Tô Lam thị. Hơn nữa còn là con cháu thân thuộc có huyết thống Lam gia, vì trên trán họ đều đeo một dải khăn trắng rộng chừng một lóng tay có hoa văn mây cuốn.\r\n\r\nGia huấn của Cô Tô Lam thị là \"mẫu mực\", dải khăn buộc trán này mang ý nghĩa \"ràng buộc bản thân\", còn hoa văn mây cuốn chính là gia văn của Lam gia. Những tu sĩ khác họ phụ thuộc vào các gia tộc lớn, ví như khách khanh hoặc môn sinh, thì khăn buộc trán của họ không có gia văn. Ngụy Vô Tiện nhác thấy người Lam gia đã ê răng, kiếp trước thường ngấm ngầm ví đồng phục nhà họ trông như khoác áo tang, cho nên tuyệt đối sẽ không nhận lầm.\r\n\r\nMạc phu nhân đã lâu không gặp đứa cháu này, kinh ngạc mất một lúc mới hoàn hồn. Bà ta nhận ra cái kẻ tô son trát phấn dày cộp này, trong lòng bực bội nhưng lại không thể nổi giận thất thố ngay lập tức, bèn hạ giọng nói với trượng phu: \"Ai thả nó ra vậy, mau kéo nó về chuồng!\"\r\n\r\nChồng bà ta vội cười cười vâng dạ, mặt mày ủ rũ đứng dậy muốn tóm người. Ngụy Vô Tiện lại đột ngột nằm lăn ra sàn, tay chân dính chặt xuống đất, hết đẩy lại kéo mà hắn vẫn không hề nhúc nhích, kêu vài tên gia bộc đến kéo đi cũng không được. Nếu không e ngại ở đây có người ngoài, ông ta đã sớm đưa chân đá hắn rồi. Liếc trộm thấy sắc mặt Mạc phu nhân ngày càng khó coi, đầu ông ta cũng mướt mồ hôi, mắng: \"Cái tên điên chết tiệt nhà ngươi! Còn không chịu về, xem ta xử ngươi thế nào!\"\r\n\r\nTuy người trong Mạc gia trang đều biết Mạc gia có một công tử bị điên, nhưng Mạc Huyền Vũ đã rúc trong căn phòng u ám kia mấy năm không dám gặp người. Bây giờ thấy mặt mũi cử chỉ của hắn không khác gì yêu ma quỷ quái, bọn họ lập tức bắt đầu xì xào bàn tán, chỉ sợ không có kịch hay để xem.\r\n\r\nNgụy Vô Tiện nói: \"Muốn ta về cũng được thôi.\" Hắn chỉ thẳng vào Mạc Tử Uyên: \"Bà bảo nó trả lại đồ ăn trộm của ta đi đã.\"\r\n\r\nMạc Tử Uyên tuyệt đối không ngờ tên điên lại có lá gan này, hôm qua vừa bị hắn giáo huấn, hôm nay còn dám xông đến tận đây. Mặt hắn lúc trắng lúc đỏ, cãi: \"Ngươi nói bậy! Ta trộm đồ của ngươi hồi nào? Ta mà phải trộm đồ của ngươi hả?\"\r\n\r\nNgụy Vô Tiện nói: \"Phải phải phải! Ngươi không trộm, ngươi chỉ cướp thôi!\"\r\n\r\nLần này Mạc phu nhân đã nhìn ra, Mạc Huyền Vũ đến đây rõ ràng có chuẩn bị trước, đầu óc cực kỳ tỉnh táo, rắp tâm muốn bôi tro trát trấu lên mặt họ. Bà ta không kiềm chế nổi, vừa sợ vừa giận: \"Hôm nay ngươi muốn đến đây gây sự phải không?!\"\r\n\r\nNgụy Vô Tiện ngơ ngác hỏi: \"Nó cướp đồ của ta, ta đến đây đòi lại, thế cũng gọi là gây sự ư?\"\r\n\r\nMạc phu nhân còn chưa kịp trả lời, Mạc Tử Uyên đã sốt ruột phi lên đá một cú. Một thiếu niên áo trắng đeo kiếm khẽ nhích ngón tay, Mạc Tử Uyên đứng không vững, trượt chân đá hụt một cái, tự mình té ngã. Ngụy Vô Tiện lại lăn một vòng, vờ như mình thật sự bị hắn đá lăn quay, còn xé vạt áo ra, trước ngực hắn chính là dấu chân bị Mạc Tử Uyên đá hôm qua.\r\n\r\nNgười trong trấn Mạc gia trang hào hứng xem kịch vui, kích động không ngừng: Dấu chân này chắc chắn không thể do Mạc Huyền Vũ tự đạp. Dù sao đi nữa hắn cũng là huyết mạch của Mạc gia, người nhà này cũng quá độc ác, rõ ràng khi hắn mới trở về còn chưa điên đến độ ấy, tám phần mười là bị chèn ép đến điên. Mà sao cũng được, có chuyện vui cho mình xem là được rồi, dù gì cũng không thể đánh được bọn họ, màn kịch này còn kích thích hơn có sứ giả tiên môn ghé thăm!\r\n\r\nTrước bao nhiêu cặp mắt nhìn chằm chằm, đánh không được mà đuổi cũng không đi, cơn tức của của Mạc phu nhân nghẹn lại trong cổ, đành miễn cưỡng dàn hòa, bình thản nói: \"Trộm cướp nỗi gì chứ? Sao ăn nói khó nghe làm vậy, người nhà với nhau cả, chỉ là mượn xem thôi. A Uyên là em ngươi, lấy mấy món đồ của ngươi cũng có làm sao? Làm anh cả sao lại hẹp hòi thế? Một chuyện vặt vãnh đã giở bản tính trẻ con cho người ta chê cười, đâu phải nó không trả đồ cho ngươi chứ.\"\r\n\r\nMấy thiếu niên áo trắng kia đưa mắt nhìn nhau, một người đang uống trà suýt thì sặc. Đệ tử lớn lên ở Cô Tô Lam thị, tai nghe mắt nhìn đều là phong hoa tuyết nguyệt, có lẽ cho đến giờ cũng chưa từng gặp chuyện khôi hài cỡ này, càng chưa từng nghe \"cao kiến\" cỡ này, hôm nay e là phải cho đám nhóc mở mang tầm mắt. Ngụy Vô Tiện âm thầm cười ha hả, đưa tay ra nói: \"Vậy ngươi trả ta đi!\"\r\n\r\nMạc Tử Uyên đương nhiên không thể trả, vì mấy món đồ đó cái thì vứt cái thì đập mất tiêu rồi, dù vẫn còn giữ hắn cũng không cam tâm trả lại. Hắn tái mặt gọi một tiếng: \"Mẹ!\", đưa mắt thị uy với bà: Mẹ để nó ức hiếp con thế à?\r\n\r\nMạc phu nhân trừng mắt với hắn, ý bảo hắn đừng có quậy cho tình hình càng rối hơn. Ai ngờ, Ngụy Vô Tiện vẫn chưa chịu thôi: \"Còn nữa, nó không nên trộm đồ của ta, lại càng không nên trộm lúc nửa đêm canh ba. Ai mà không biết bản công tử thích nam nhân, nó không biết xấu hổ, nhưng ta vẫn còn biết tình ngay lý gian đó.\"\r\n\r\nMạc phu nhân rùng mình ớn lạnh, quát to: \"Trước mặt hương thân phụ lão mà ngươi nói linh tinh cái gì thế! Đúng là trơ trẽn, A Uyên là em họ ngươi!\"\r\n\r\nBàn về thói lưu manh, Ngụy Vô Tiện chính là một tay lão luyện. Trước kia có lưu manh đến đâu cũng phải chú ý thể diện, không thể để người ta nói hắn không có gia giáo. Nhưng hôm nay hắn đã thành kẻ điên, còn cần mặt mũi làm gì nữa, có khóc lóc om sòm cũng chẳng sao, làm gì cũng được miễn vui vẻ thì thôi, bèn gân cổ lên cãi hết sức hùng hồn: \"Nó rõ ràng biết nó là em họ của ta mà còn không chịu kiêng dè, rốt cuộc là ai trơ trẽn hơn?! Ngươi không cần danh tiết thì thôi, nhưng cũng đừng hủy hoại danh tiết của ta chứ! Ta còn muốn tìm một người đàn ông tốt!!!\"\r\n\r\nMạc Tử Uyên quát to một tiếng, vung ghế lên đập. Ngụy Vô Tiện thấy hắn cuối cùng cũng điên tiết, liền lăn mình trở dậy tránh né. Cái ghế kia đập xuống đất vỡ tan tành, người vây quanh ba vòng trong ba vòng ngoài đông phòng còn đang hả hê vì Mạc gia mất hết mặt mũi, sau cái đập này đều tan đàn xẻ nghé, chỉ sợ mình sơ ý ăn đạn lạc. Ngụy Vô Tiện liền lách mình đến bên cạnh mấy thiếu niên Lam gia đang ngẩn người xem kịch, hét lên: \"Đã nhìn thấy chưa!? Thấy chưa!? Trộm đồ xong còn đánh người, đúng là táng tận lương tâm mà!\"\r\n\r\nMạc Tử Uyên muốn đuổi theo đập hắn, nhưng thiếu niên đứng đầu đã vội vàng cản lại: \"Vị... vị công tử này có gì từ từ nói chuyện.\"\r\n\r\nMạc phu nhân thấy thiếu niên kia có ý muốn che chở cho tên điên này, trong lòng e sợ, miễn cưỡng cười nói: \"Đây là con của em gái ta, nó hơi khó bảo một chút. Người trong Mạc gia trang đều biết nó là kẻ điên, thường nói nhăng nói cuội, không thể coi là thật. Tiên nhân tuyệt đối...\" Lời còn chưa dứt, Ngụy Vô Tiện đã thò đầu ra từ sau lưng thiếu niên ấy: \"Ai bảo lời ta nói không thể coi là thật? Sau này kẻ nào thử trộm đồ của ta mà xem, trộm một lần ta chặt một tay!\"\r\n\r\nMạc Tử Uyên đang bị cha giữ chặt, nghe hắn nói lại muốn nổi khùng, Ngụy Vô Tiện lêu lêu vài cái rồi phắn ra ngoài như cá lội. Thiếu niên kia vội vàng chặn ở cửa, chuyển đề tài, làm bộ nghiêm túc nói vào việc chính: \"Vậy... Vậy tối nay xin mượn tây viện của quý phủ dùng tạm. Những lời ta đã dặn trước đây xin hãy nhớ cho kỹ, sau hoàng hôn phải đóng chặt cửa nẻo, không được ra ngoài đi lại, càng không được lại gần căn viện đó.\"\r\n\r\nMạc phu nhân tức đến run người, nhưng bị cậu ta cản lại cũng không tiện đẩy ra, đành đáp: \"Vâng, vâng, phiền ngài, phiền ngài...\"\r\n\r\nMạc Tử Uyên không tin nổi vào tai mình: \"Mẹ! Tên điên này bôi nhọ con trước mặt người khác, mình cứ thế cho qua ư?! Mẹ đã nói, mẹ nói nó chẳng qua chỉ là tên...\"\r\n\r\nMạc phu nhân quát lớn: \"Câm miệng. Có gì về nhà hẵng nói!\"\r\n\r\nMạc Tử Uyên chưa từng nếm trải cảm giác thiệt thòi và mất mặt đến vậy, càng chưa bị mẹ mắng mỏ như thế bao giờ. Lòng hắn tràn đầy phẫn hận, đành gầm gừ: \"Tên điên này đêm nay chết chắc rồi!\"\r\n\r\nNgụy Vô Tiện phát điên xong thoát ra cửa chính, thò mặt ra chạy một vòng quanh Mạc gia trang, dọa vô số người đi đường ngã ngửa. Hắn lại có vẻ thích thú, bắt đầu cảm nhận niềm vui của một kẻ điên, thậm chí còn bắt đầu hài lòng với cách trang điểm như quỷ chết treo của mình, có phần tiếc nuối không nỡ rửa đi, thầm nghĩ: Dù sao cũng không có nước, vậy thôi khỏi rửa. Hắn sửa lại đầu tóc, nhìn lướt qua cổ tay, vết thương không hề có dấu hiệu lành lại. Vậy nghĩa là, báo thù nhẹ nhàng bằng cách chọc tức Mạc Tử Uyên còn khuya mới đủ.\r\n\r\nLẽ nào Mạc Huyền Vũ thật sự muốn hắn diệt môn Mạc gia?\r\n\r\n... Nói thật, đây cũng không phải việc khó.\r\n\r\nNgụy Vô Tiện vừa suy nghĩ vừa lắc lư trở về Mạc gia. Khi đi ngang qua tây viện, gặp mấy đứa đệ tử Lam gia đứng trên mái nhà và tường viện nghiêm túc bàn bạc chuyện gì đó, lại trở gót quay lại, ngẩng đầu lên nhìn chúng.\r\n\r\nTuy trong số các thế gia vây quét hắn, Cô Tô Lam thị cũng góp phần lớn công sức, nhưng khi ấy đám tiểu bối này có lẽ còn chưa chào đời, hoặc mới được vài tuổi, căn bản không liên quan đến chúng. Ngụy Vô Tiện bèn dừng chân đứng lại xem đám nhóc xử lý thế nào, nhìn một hồi, hắn chợt cảm thấy có gì đó sai sai.\r\n\r\nMấy lá cờ đen cắm trên mái nhà và mặt tường đón gió bay phất phới kia, sao trông quen mắt thế?\r\n\r\nLoại cờ này tên là \"Triệu Âm kỳ\", nếu cắm nó lên một người sống thì sẽ thu hút âm linh, oan hồn, hung thi, tà túy trong phạm vi nhất định tìm tới, chỉ tấn công người này. Do kẻ bị cắm cờ gần như biến thành một tấm bia sống, nên người ta gọi nó là \"Bá kỳ\". Cũng có thể cắm vào phòng, nhưng trong phòng phải có người sống, như vậy phạm vi công kích sẽ mở rộng đến tất cả mọi người trong phòng. Do gần chỗ cắm cờ sẽ có âm khí lượn lờ, xoay quanh nó như một luồng gió đen, nên cũng được gọi là \"Hắc Phong kỳ\". Những thiếu niên này bố trí kỳ trận ở tây viện, lại không cho người ngoài đến gần, hiển nhiên là muốn dụ tẩu thi đến đây, giăng lưới một mẻ tóm gọn.\r\n\r\nCòn tại sao lại trông quen mắt... Làm sao không quen mắt cho được? Kẻ sáng chế ra Triệu Âm kỳ, chính là Di Lăng lão tổ!\r\n\r\nXem ra huyền môn bách gia cho dù hô đánh gọi giết hắn, thì vẫn xài không nỡ bỏ đồ hắn chế ra...\r\n\r\nMột đệ tử đứng trên mái hiên thấy hắn đến xem, bèn khuyên: \"Về đi, đây không phải nơi ngươi nên tới.\"\r\n\r\nTuy là xua đuổi, nhưng có ý tốt, khẩu khí cũng không hề giống các gia bộc khác. Ngụy Vô Tiện nhân lúc bất ngờ, nhảy lên lấy một lá cờ xuống.\r\n\r\nĐệ tử kia kinh hãi, nhảy xuống tường đuổi theo hắn: \"Đừng quậy, đây không phải là thứ ngươi nên cầm!\"\r\n\r\nNgụy Vô Tiện vừa chạy vừa gào, đầu tóc rối như tổ quạ, khoa chân múa tay vui vẻ, trông như một kẻ điên thật sự: \"Không trả! Không trả! Ta muốn cái này! Ta muốn!\"\r\n\r\nĐệ tử kia nhảy hai bước đã đuổi kịp hắn, túm lấy cánh tay hắn quát: \"Có trả lại không thì bảo? Không trả ta đánh!\"\r\n\r\nNgụy Vô Tiện giữ riệt lá cờ thà chết không buông, thiếu niên đứng đầu vốn đang bố trí kỳ trận thì bị hai người đánh động, cũng nhẹ nhàng nhảy xuống khỏi mái hiên, lại gần nói: \"Cảnh Nghi, thôi đi, lấy cờ về là được, việc gì phải so đo với hắn.\"\r\n\r\nLam Cảnh Nghi chối: \"Tư Truy, ta không đánh hắn thật mà! Ngươi nhìn đi, hắn phá tanh banh kỳ trận rồi!\"\r\n\r\nTrong lúc lôi lôi kéo kéo, Ngụy Vô Tiện đã nhanh chóng kiểm tra xong lá Triệu Âm kỳ này. Cách vẽ hoa văn chính xác, chú văn cũng đầy đủ, không sai chút nào, sử dụng sẽ không có sai sót. Có điều người vẽ không đủ kinh nghiệm, hoa văn này cùng lắm chỉ thu hút được tẩu thi và tà túy trong vòng năm dặm, nhưng như thế cũng đủ rồi.\r\n\r\nLam Tư Truy nhìn hắn mỉm cười: \"Mạc công tử, trời sắp tối rồi, bên ta sắp đi bắt tẩu thi, đêm hôm nguy hiểm, ngươi mau trở về phòng.\"\r\n\r\nNgụy Vô Tiện ngắm nghía thiếu niên này một lượt, cảm thấy cậu ta thanh tú văn nhã, ngoại hình nổi trội, khóe miệng thoáng mỉm cười, là một hạt giống tốt rất đáng khen, liền âm thầm tán thưởng trong lòng. Người này bố trí kỳ trận ngay ngắn rõ ràng, gia giáo cũng rất khá. Không biết ở một nơi đáng sợ tập trung đủ loại bảo thủ cứng nhắc như Cô Tô Lam thị, ai đã nuôi dạy ra một hậu bối như thế.\r\n\r\nLam Tư Truy lại mở lời: \"Lá cờ này...\"\r\n\r\nKhông đợi cậu ta nói hết câu, Ngụy Vô Tiện đã ném Triệu Âm kỳ xuống đất, hừ khẽ: \"Chỉ là một lá cờ nát thôi, có gì hay ho chứ! Ta vẽ còn đẹp hơn các ngươi nhiều!\"\r\n\r\nHắn ném xong co cẳng chạy biến. Vài thiếu niên ngồi tựa vào mái nhà xem kịch, nghe hắn khoác lác mà không biết ngượng thì cười ngặt nghẽo thiếu điều lăn xuống khỏi mái hiên. Lam Cảnh Nghi cũng giận quá hóa cười, nhặt Triệu Âm kỳ lên phủi phủi bụi, lẩm bẩm: \"Đúng là một gã điên!\"\r\n\r\nLam Tư Truy nạt: \"Đừng nói vậy. Mau quay về giúp việc đi!\"\r\n\r\nĐằng kia, Ngụy Vô Tiện vẫn tiếp tục nhàn rỗi tung tăng đi dạo hai vòng, đến tối mịt mới chịu quay về tiểu viện của Mạc Huyền Vũ. Then cửa đã gãy, bãi chiến trường dưới đất chưa ai thu dọn, hắn vờ như không thấy, chọn một nơi sạch sẽ trên mặt đất tiếp tục tĩnh tọa.\r\n\r\nAi dè, lần này ngồi còn chưa đến rạng sáng, thì từng đợt âm thanh huyên náo bên ngoài đã lôi hắn khỏi dòng trầm tư mặc tưởng.\r\n\r\nMột loạt tiếng bước chân lẫn với tiếng khóc gào và la hét trong sợ hãi nhanh chóng đến gần. Ngụy Vô Tiện nghe được mấy câu nói lặp đi lặp lại: \"... Xông vào, xách cổ nó ra!\" \"Báo quan!\" \"Báo quan cái con khỉ, trùm đầu đánh chết nó luôn!\"\r\n\r\nHắn mở mắt, vài tên gia bộc đã xông vào. Căn viện sáng bừng ánh lửa, có người la to: \"Lôi cổ cái tên điên giết người này vào đại sảnh, bắt nó đền mạng!\"',4,'2023-05-24 14:54:38'),('1','Sống lại','Vũ Quốc, Lăng Gia ở Thương Vân Trấn, trăng treo giữa trời.\r\n\r\nLăng Hàn bỏ ra ròng rã mười giây, mới rốt cục khẳng định, hắn xác thực chuyển thế sống lại.\r\n\r\nĐối với một cường giả Thiên Nhân Cảnh mà nói, cần mất mười giây mới có thể khẳng định một chuyện, đây tuyệt đối khó mà tin nổi, nhưng cũng đồng dạng chứng minh, sự tình phát sinh ở trên người hắn, là khó mà tin nổi cỡ nào.\r\n\r\nĐời trước, hắn đứng trên đỉnh cao của võ đạo, ở đan đạo cũng có thành tựu cổ kim chưa thấy, khai sáng Tam Hỏa Dẫn thuật, gợi ra một hồi cách mạng ở Luyện Đan giới, được người tôn là Đan Đế.\r\n\r\nNhưng hắn vẫn chưa thỏa mãn, còn muốn tiến thêm một bước, đạt đến Phá Hư Cảnh, Phá Toái Hư Không, hóa Phàm thành Thần trong truyền thuyết. Vì thế, hắn thăm dò vô số di tích, cuối cùng tiến vào Hắc Huyết Cốc, trải qua tầng tầng nguy hiểm, sau đó tìm tới một Cổ Tháp thần bí.\r\n\r\nKhông có để hắn thất vọng, trên Cổ Tháp có văn tự màu vàng, chính là một bộ công pháp vô thượng, tên là Bất Diệt Thiên Kinh, luyện đến cảnh giới tối cao, thân thể bất hư bất hủ, cùng thiên địa đồng thọ!\r\n\r\nNhưng cho dù lấy tu vi Thiên Nhân Cảnh của Lăng Hàn, vẫn cảm thấy Bất Diệt Thiên Kinh kia khó hiểu mịt mờ, thật giống như xem một quyển thiên thư, hoàn toàn không có manh mối.\r\n\r\nHắn mạnh mẽ ghi nhớ bản công pháp kia, đang muốn nghiên cứu Cổ Tháp một chút, thì Cổ Tháp lại chấn động, bắn ra một đạo thần quang vô lượng, trong nháy mắt liền đánh nát cơ thể của hắn. Nhưng quái lạ chính là, linh hồn của hắn lại không tiêu tan, rơi vào một loại trạng thái tỉnh tỉnh mê mê, kéo dài hơn vạn năm.\r\n\r\nỞ chỗ này vạn năm, linh hồn của hắn vẫn suy diễn Bất Diệt Thiên Kinh, ngoại trừ chuyện đó, thì hắn không làm được chuyện gì, mười ngàn năm sau, hắn rốt cục lĩnh ngộ tầng thứ nhất của công pháp.\r\n\r\nMột cường giả Thiên Nhân Cảnh, bỏ ra 10000 năm, mới lĩnh ngộ được tầng thứ nhất của một môn công pháp, khái niệm này nghĩa là gì?\r\n\r\nPhải biết cường giả Thiên Nhân Cảnh, tuổi thọ cũng không tới ngàn năm, bình thường mà nói, thế gian căn bản không ai có thể tu thành Bất Diệt Thiên Kinh, bởi vì còn chưa có bắt đầu đã chết già.\r\n\r\nNhưng Lăng Hàn lại lấy loại phương thức quái lạ này, nắm giữ tầng thứ nhất của Bất Diệt Thiên Kinh, sau đó, hắn lại đột nhiên trùng sinh, chuyển thế sống lại ở trên người một thiếu niên mười sáu tuổi, đồng dạng tên là Lăng Hàn.\r\n\r\nKhó mà tin nổi!\r\n\r\n- Mặc kệ xảy ra chuyện gì, nói chung ta đã sống lại!\r\n\r\n- Tuy bộ thân thể này mới chỉ là Luyện Thể tầng hai, phế vật đến không thể lại phế vật, nhưng ta đã từng là cường giả Thiên Nhân Cảnh, đứng ở đỉnh phong của võ đạo, lại là đan đạo đại sư, tư chất kém thì dùng đan dược tu bổ, không tin không thể trở lại đỉnh cao.\r\n\r\n- Hơn nữa, ta rốt cục có thể tu luyện Bất Diệt Thiên Kinh, đây là một công pháp vô thượng, thậm chí... Khả năng không phải ở Phàm Giới, mà đến từ Thần giới trong truyền thuyết, bằng không làm sao có khả năng cần mười ngàn năm mới có thể hiểu được tầng thứ nhất?\r\n\r\n- Đời này, ta nhất định có thể vượt qua tiền nhân, thành tựu Thần vị!\r\n\r\n- Còn có, thân thể này đến tột cùng là xảy ra chuyện gì, mười sáu tuổi mới tu luyện tới Luyện Thể tầng hai, lẽ nào là bởi vì võ đạo bây giờ quá mức héo tàn?\r\n\r\nOanh, vô số ký ức tràn vào trong đầu, đây là ký ức thuộc về một Lăng Hàn khác, mà trong quá trình này, hai người hoàn toàn khác nhau đã dung hợp làm một.\r\n\r\n- Ta đã rõ ràng.\r\n\r\nLăng Hàn gật đầu, sở dĩ hiện tại hắn mới là Luyện Thể tầng hai, nguyên nhân ở chỗ linh căn của hắn quá kém.\r\n\r\nMuốn tu luyện thành Võ Giả, có một điều kiện tiên quyết, chính là nhất định phải nắm giữ linh căn. Có linh căn, mới có thể hấp thu linh khí trong trời đất, rèn luyện bản thân, hóa thành nguyên lực của bản thân.\r\n\r\nCó linh căn hấp thu linh khí nhanh, có linh căn thì chậm, bởi vậy linh căn chia làm bốn đẳng cấp Thiên Địa Huyền Hoàng, mỗi đẳng cấp lại chia làm ba phẩm giai thượng trung hạ, lấy Thiên Cấp thượng phẩm tốt nhất, Hoàng Cấp hạ phẩm kém nhất.\r\n\r\nPhán đoán linh căn ưu khuyết, then chốt ở trình độ tinh khiết, càng tinh khiết càng tốt, mà linh căn của Lăng Hàn, lại là Ngũ hành đủ cả, thuộc loại hỗn độn nhất, ở thế giới võ đạo, đây là loại linh căn kém nhất, tính vào Hoàng Cấp hạ phẩm cũng chỉ có thể nói miễn cưỡng, bởi vậy năm nay hắn đã mười sáu tuổi, nhưng chỉ tu luyện đến Luyện Thể tầng hai, mà bạn cùng lứa tuổi, kém nhất cũng đạt đến Luyện Thể tầng bốn, tầng năm.\r\n\r\nĐời trước, Lăng Hàn là Thiên linh căn, hơn nữa còn là Cửu Dương Hỏa Linh Căn Thiên Cấp thượng phẩm, lại thêm thiên phú đan đạo không ai bằng, lấy đan phụ vũ, vẻn vẹn chỉ dùng hai trăm năm, liền đạt đến Thiên Nhân Cảnh, đây là kỷ lục cổ kim chưa có.\r\n\r\n- Ngũ Hành Tạp Linh Căn, đây là linh căn thấp nhất a, chẳng trách, tuy tiền thân cực kỳ nỗ lực, nhưng chỉ có thể tới Luyện Thể tầng hai.\r\n\r\n- Với ta mà nói, tuy Ngũ Hành Tạp Linh Căn có chút vướng tay chân, nhưng dựa vào đan dược, nhiều nhất bốn trăm năm, ta lại tới đỉnh cao!\r\n\r\n- Ồ!\r\n\r\nTrong lòng Lăng Hàn kinh ngạc thốt lên, trên mặt lộ ra vẻ khiếp sợ khó có thể tin tưởng, hắn sửng sốt một hồi lâu, mới lấy hồn lực mạnh mẽ quan sát linh căn ở đan điền, vẻ mặt kinh ngạc nhất thời biến thành mừng như điên.\r\n\r\n- Cái này không phải Ngũ Hành Tạp Linh Căn, Ngũ hành hoàn toàn cân đối, hình thành một đóa Đạo Liên! Đây là Ngũ Hành Hỗn Độn Liên, cực phẩm trong cực phẩm, so với Cửu Dương Hỏa Linh Căn còn quý hiếm, có thể coi là Linh Căn Thần Cấp!\r\n\r\n- Tiền thân tu luyện chậm, là bởi vì Linh Căn Thần Cấp, đều cần công pháp đặc biệt mới có thể phát huy ra uy năng chân chính.\r\n\r\n- Mà ta... lại nắm giữ Ngũ Hành Thiên Cực Công, xứng đôi với Ngũ Hành Hỗn Độn Liên!\r\n\r\n- Một trăm năm! Không, chỉ cần năm mươi năm, ta liền có thể đạt đến Thiên Nhân Cảnh lần nữa!\r\n\r\nDù lấy tu vi Thiên Nhân Cảnh kiếp trước, Lăng Hàn cũng không nhịn được lộ vẻ vui mừng, linh căn khi sinh ra đã định, hậu thiên không cách nào thay đổi. Kiếp trước hắn vì Phá Hư thành Thần, thăm viếng qua vô số di tích, được lượng lớn công pháp bí thuật, Ngũ Hành Thiên Cực Công chính là một loại trong đó.\r\n\r\nĐời trước, hắn đứng ở đỉnh cao võ đạo, đời này, hắn lại lập huy hoàng, viết ra thần thoại bất hủ.\r\n\r\n- Tiền thân là chết như thế nào?\r\n\r\nLăng Hàn lật tìm ký ức, rất nhanh hắn liền lộ ra vẻ giận dữ.\r\n\r\nTiền thân là con trai độc nhất của Lăng gia gia chủ Lăng Đông Hành, mẫu thân, ông nội bà nội đã mất sớm. Mà Lăng gia là thế gia võ đạo, mỗi một tộc nhân đều luyện võ, cũng lấy võ vi tôn, tại sao Lăng Đông Hành có thể ngồi lên vị trí gia chủ? Là vì thực lực của hắn mạnh nhất, dùng nắm đấm đánh ra được.\r\n\r\nNhưng Lăng Hàn, bởi vì vấn đề linh căn, từ nhỏ bị coi là phế vật, ăn hết khinh thường.\r\n\r\nVì cho con trai một tương lai tươi sáng, Lăng Đông Hành và Hổ Dương Học Viện có thỏa thuận, Hổ Dương Học Viện sẽ chiêu thu Lăng Hàn trở thành đệ tử, toàn lực bồi dưỡng, mà coi như trao đổi, Lăng Đông Hành sẽ tiến vào Tử Quang Địa cốc, thay Hổ Dương Học Viện tìm kiếm một đồ vật thất lạc đã lâu.\r\n\r\nHổ Dương Học Viện do Vũ Quốc Hoàng Triều xây dựng, tài nguyên vô số, nếu toàn lực bồi dưỡng, dù lại phế vật, cũng có thể tăng lên tới Tụ Nguyên Cảnh.\r\n\r\nNgười của Hổ Dương Học Viện cũng không phải ngớ ngẩn, nếu dễ lấy được vật kia, sao chịu cho điều kiện hậu đãi như vậy?\r\n\r\nTử Quang Địa cốc, nguy hiểm tầng tầng, đi nhầm một bước cũng có thể chết, nhưng vì con trai, Lăng Đông Hành ở bảy ngày trước liền xuất phát.\r\n\r\nNgày hôm qua, người của Hổ Dương Học Viện đến, cũng thông báo Lăng Gia, hôm nay sẽ dựa theo ước định tới đón người. Nhưng lúc này, Lăng Gia Đại chấp sự Lăng Trọng Khoan lại chạy tới thương lượng với tiền thân, muốn hắn nhường lại tiêu chuẩn quý giá kia, cho cháu trai của hắn Lăng Mộ Vân.\r\n\r\nLý do, Lăng Mộ Vân là thiên tài, tiền đồ vô hạn, cơ hội như vậy không thể cho một phế vật đi lãng phí.\r\n\r\nTiền thân đương nhiên sẽ không đáp ứng, đây là cơ hội mà phụ thân hắn dùng mạng đổi lấy! Nhưng Lăng Trọng Khoan nói thương lượng, kỳ thực chỉ là thông báo cho tiền thân mà thôi, căn bản không để ý kiến của hắn ở trong lòng.\r\n\r\nTiền thân không nhịn được ra tay, nhưng Lăng Trọng Khoan là cường giả Tụ Nguyên Cảnh, một ngón tay liền có thể trấn áp hắn, hắn há là đối thủ?\r\n\r\nChỉ một quyền, tiền thân liền bị trọng thương, sau đó bị nhốt vào trong phòng của mình, hiển nhiên không muốn hắn quấy rối ở trước mặt người của Hổ Dương Học Viện, đợi lúc Lăng Đông Hành trở lại, thì ván đã đóng thuyền.\r\n\r\nMà tiền thân trọng thương, thì bị tức chết rồi.\r\n\r\nLăng Hàn hừ một tiếng, thực sự là khinh người quá đáng, cha của mình liều mạng đổi lấy tiêu chuẩn này, lại bị ông cháu của Lăng Trọng Khoan cướp đi?\r\n\r\nĐôi cẩu vật vô liêm sỉ tới cực điểm!\r\n\r\nKhông thể nhẫn nhịn!\r\n\r\nHắn bò dậy khỏi giường, nhất thời cảm thấy toàn thân đau nhức, hắn là sống lại, nhưng vết thương trên người sẽ không vô duyên vô cớ chuyển biến tốt.\r\n\r\n- Hả? Linh căn còn bị thương tích!\r\n\r\nLăng Hàn hơi nhướng mày, một đòn này của Lăng Trọng Khoan, đã tạo thành thương tổn cho linh căn của hắn, mà linh căn bị thương, đây là một chuyện cực kỳ phiền phức, trị liệu phổ thông là vô hiệu.\r\n\r\n- Theo ta biết, có bảy loại đan dược có thể chữa trị linh căn, có điều bốn loại trong đó quá đắt, dù bán sạch Lăng Gia cũng không đổi được, hơn nữa, linh căn của ta chỉ bị thương nhẹ, không cần đan dược cao cấp như thế.\r\n\r\n- Còn lại ba loại, có hai loại muốn luyện chế thành đan, bằng vào tu vi Luyện Thể tầng hai của ta hiện tại, quá miễn cưỡng. Vậy chỉ còn một lựa chọn, là Nguyên Tâm linh dịch, chỉ cần điều phối dược liệu theo tỉ lệ, nấu thành linh dịch liền được.\r\n\r\n- Trước tiên chửa khỏi tổn thương, lại đi ngăn cản ông cháu Lăng Trọng Khoan, tuy ta không thèm cái tiêu chuẩn kia, nhưng tuyệt không thể để cho cơ hội mà phụ thân dùng mạng đổi lấy, tiện nghi hai ông cháu không biết xấu hổ kia!\r\n\r\nHắn khoanh chân ngồi xuống, bắt đầu vận chuyển Bất Diệt Thiên Kinh.\r\n\r\nĐây là lần thứ nhất hắn vận chuyển công pháp có khả năng là Thần cấp này, nhưng bởi vì đã suy diễn hơn vạn năm, nên hiện tại điều khiển rất thong dong. Ong ong ong,… trong cơ thể hắn phát ra sinh cơ mạnh mẽ, nguyên lực tiêu hao lượng lớn, nhưng thương thế lại khôi phục cấp tốc.\r\n\r\nVẻn vẹn mấy phút, thương thế của hắn đã lành hết.\r\n\r\n- Không hổ là Bất Diệt Thiên Kinh, ta vừa bắt đầu tu luyện liền kỳ hiệu như thế. Chỉ là cái này hoàn toàn khác những công pháp khác, công pháp bình thường là lợi dụng linh căn chuyển hóa thiên địa linh khí thành nguyên lực, mà Bất Diệt Thiên Kinh thì ngược lại, lấy nguyên lực rèn luyện thân thể, cũng có thể trị liệu thương thế.\r\n\r\n- Luyện đến cảnh giới tối cao, Bất Tử Bất Diệt cũng không phải là không thể.\r\n\r\n- Cho nên mới có thể xưng là Thiên Kinh!\r\n\r\n- Đáng tiếc hiện tại cấp độ không đủ, bằng không ta có thể lấy Bất Diệt Thiên Kinh chữa trị linh căn.\r\n\r\nLăng Hàn mở hai mắt ra, nhìn sắc trời dần rõ ràng ngoài cửa sổ, lẩm bẩm nói:\r\n\r\n- Hiện tại, nên đi gặp lão già không biết xấu hổ Lăng Trọng Khoan kia một lần, cho hắn một niềm vui bất ngờ.\r\n\r\nHắn mang giày, đi tới cửa, mở ra.\r\n\r\nNgoài cửa lập tức xuất hiện một bóng người cao to, ngăn đường đi của hắn, người này gọi Trương Viễn, là chó săn của Lăng Trọng Khoan.\r\n\r\n- Hàn thiếu gia, Đại chấp sự dặn dò, ngày hôm nay ngươi chờ ở trong phòng!\r\n\r\nTrương Viễn cười hắc hắc nói, mặc dù người đối diện là con trai của Gia chủ, nhưng lại phế vật, ở trong mắt hắn chính là một chuyện cười.\r\n\r\nÁnh mắt của Lăng Hàn phát lạnh, nói:\r\n\r\n- Ngươi dám cản ta?\r\n\r\nCản chính là ngươi, Đại chấp sự nói rồi, ngày hôm nay ngàn vạn lần không thể để cho Lăng Hàn đi quấy rối, lúc cần thiết dù đánh một trận cũng được! Trương Nguyên ngoài cười nhưng trong không cười nói:\r\n\r\n- Đây là mệnh lệnh của Đại chấp sự, kính xin Hàn thiếu gia không nên làm khó dễ ta.\r\n\r\nCon chó già Lăng Trọng Khoan này cũng thật cẩn thận, đánh hắn trọng thương vẫn không yên lòng, còn phái người giữ cửa, mà chuyện này cũng có thể nhìn ra, để cháu trai tiến vào Hổ Dương Học Viện, đối với Lăng Trọng Khoan mà nói nặng đến đâu, bất quá thời điểm cái hi vọng này phá diệt, Lăng Trọng Khoan thất vọng, căm tức cũng có thể tưởng tượng được.\r\n\r\n- Cút ngay!\r\n\r\nLăng Hàn lạnh lùng nói.\r\n\r\n- Hàn thiếu gia, đây chính là Đại…\r\n\r\nĐùng!\r\n\r\nLăng Hàn giơ tay quất tới, lạnh lùng nói:\r\n\r\n- Ngươi là thứ gì, bảo ngươi cút ngươi còn không cút?\r\n\r\nCái gì, mình lại bị một phế vật tát tai? Trương Viễn không thể tin tưởng sờ mặt của mình, phế vật kia lại dám ra tay với hắn, hơn nữa còn đánh trúng, đây là chuyện cười gì a?\r\n\r\nHắn giận tím mặt, nghĩ đến trước đó, Lăng Trọng Khoan nói lúc cần thiết có thể động thủ, không khỏi sinh ác tâm, điềm nhiên nói:\r\n\r\n- Hàn thiếu gia, đây là ngươi buộc ta…\r\n\r\nĐùng!\r\n\r\nLăng Hàn phất tay lần thứ hai, lại vững vàng đánh hắn một cái tát.',2,'2023-05-24 16:53:26'),('2','Cường thế','Trương Viễn sắp điên rồi, hắn lại bị một phế vật tát liền hai cái! Trong cơn giận dữ, hắn cũng không suy nghĩ, dựa vào cái gì một phế vật Luyện Thể tầng hai, có thể quất Luyện Thể tầng bốn như hắn hai bạt tai, hét lớn một tiếng, nhào tới Lăng Hàn.\r\n\r\nHiện tại hắn chỉ có một ý nghĩ, chính là tàn nhẫn đánh tên rác rưởi này một trận.\r\n\r\nHắn đấm ra một quyền, sức mạnh mười phần, có tiếng kình phong vang lên.\r\n\r\nLăng Hàn rất bình tĩnh, ở kiếp trước, hắn chỉ gảy ngón tay liền có thể giải quyết 10 ngàn tên Trương Viễn, nhưng bây giờ hắn chỉ là Luyện Thể tầng hai. Có chút phiền phức, nhưng cũng chỉ là một chút phiền toái nhỏ mà thôi, dù sao hiện tại chủ đạo thân thể này, cũng đã từng là cường giả Thiên Nhân Cảnh, tầm mắt còn ở đó!\r\n\r\nChỉ cần Trương Viễn vừa nhấc tay, chân hơi động, Lăng Hàn liền có thể suy đoán ra cú đấm này đánh về nơi nào, bước chân sẽ đi tới đâu, bởi vậy, trong nháy mắt cú đấm của Trương Viễn đánh đến, Lăng Hàn đã có phản ứng.\r\n\r\nHô, cú đấm này đánh tới, Trương Viễn không khỏi lộ ra nụ cười gằn đáng sợ, hắn thấy nếu một quyền này oanh trúng, thì trong nháy mắt có thể khiến Lăng Hàn mất đi năng lực phản kháng, chỉ có thể mặc hắn đánh.\r\n\r\nĐánh trúng rồi!\r\n\r\nHả?\r\n\r\nTrương Viễn lộ vẻ kinh ngạc, bởi vì cú đấm này nhìn như đánh vào mặt Lăng Hàn, nhưng thực tế lại lệch một chút, Lăng Hàn lui về phía sau môt bước, vừa đúng tránh qua cú đấm này.\r\n\r\nKhông dư một phần, không thiếu một phân, thật giống như dùng thước đo ra, vừa vặn đứng ở trước chóp mũi của Lăng Hàn.\r\n\r\nNhất định là đúng dịp, Trương Viễn nói ở trong lòng.\r\n\r\nĐúng lúc này, Lăng Hàn lại tát tới.\r\n\r\nĐùng, thanh âm lanh lảnh vang lên, Trương Viễn lại trúng một cái tát.\r\n\r\n- Đáng chết!\r\n\r\nTrương Viễn nhổ mấy bãi nước miếng, hét lớn một tiếng, sau đó hắn lại vung quyền đánh tới Lăng Hàn.\r\n\r\nLăng Hàn như chuyển động cùng lúc, người hơi ngửa ra sau, hô, cú đấm của Trương Viễn lại đánh hụt. Hắn phất tay, chân phải thuận thế đá ra, phốc, đá vào giữa hai chân của Trương Viễn.\r\n\r\n- Gào…\r\n\r\nCoi như là Luyện Thể tầng bốn thì lại làm sao, vẫn không thể luyện thành Thiết Đản công, ăn một cước này, Trương Viễn quỳ xuống đất, hai tay ôm đũng quần, trên mặt chảy ra mồ hôi lạnh.\r\n\r\n- Ngươi thật âm hiểm!\r\n\r\nTrương Viễn co giật nói, khuôn mặt vặn vẹo đến không thành hình người.\r\n\r\nĐùng!\r\n\r\nLăng Hàn lại quất tới một bạt tai, Trương Viễn phun ra mấy cái răng gãy. Lăng Hàn đương nhiên sẽ không đồng tình, nói:\r\n\r\n- Chó chính là chó, quả nhiên không thể mọc ngà voi.\r\n\r\nTrương Viễn giận dữ, hắn lại quỳ trên mặt đất, bị một Luyện Thể tầng hai tát tai, đây là nhục nhã thế nào? Hắn muốn phản kích, nhưng một cước kia, đã đánh tan năng lực phản kháng của hắn, hơi động liền đau “bi” đến đòi mạng.\r\n\r\nNhưng tuyệt không thể để cho Lăng Hàn phá hỏng chuyện tốt của Lăng Trọng Khoan, bằng không hắn là không hoàn thành nhiệm vụ. Lấy tính cách của Lăng Trọng Khoan, hắn là tuyệt đối không sống được.\r\n\r\n- Hàn… Hàn thiếu gia, ngươi nghe ta nói, ngươi không thể rời nơi này, kỳ thực, kỳ thực ngươi đã trúng độc, rời khỏi gian phòng này sẽ độc phát thân vong.\r\n\r\nHắn nhanh trí, làm sao cũng phải lưu Lăng Hàn ở lại chỗ này.\r\n\r\nLăng Hàn không khỏi bật cười, loại biểu diễn vụng về này có thể lừa hắn? Lăng Hàn nâng cước đạp bay Trương Viễn, hiện tại không thể lãng phí thời gian với chó săn, hắn nhất định phải ngăn cản gian kế của Lăng Trọng Khoan, bằng không phụ thân liều mạng sẽ thành áo cưới cho người khác.\r\n\r\nCòn Trương Viễn, Lăng Hàn đương nhiên sẽ không để loại tiểu nhân vật này ở trong lòng, ngược lại là Lăng Trọng Khoan, chỉ cần thấy hắn xuất hiện, tất nhiên sẽ xử lý Trương Viễn, căn bản không cần ô uế tay hắn.\r\n\r\n- Không nên đi! Không nên đi a!\r\n\r\nTrương Viễn cầu xin mang theo tiếng khóc từ phía sau truyền đến, hắn phảng phất đã thấy kết cục thê thảm của mình.\r\n\r\nTự gây nghiệt không thể sống, không đáng giá đồng tình.\r\n\r\nLăng Hàn đi nhanh, mấy phút sau, hắn đi tới một phòng khách, còn chưa tiến vào liền nghe bên trong truyền ra một thanh âm già nua mà vang dội:\r\n\r\n- Lưu tiểu thư, xin mời, xin mời!\r\n\r\nPhòng khách có hai cổng nội ngoại, nội môn liên tiếp nội viện, ngoại môn là dẫn tới đại môn, xuyên thấu qua rèm cửa, chỉ thấy một nhóm năm người đang đi vào, bốn nam một nữ.\r\n\r\nNgoại trừ cô gái kia, bốn nam tử Lăng Hàn đều biết, đều là Lăng gia tộc nhân, trong đó tên lão nhân khoảng sáu mươi chính là Đại chấp sự Lăng Trọng Khoan, ba người khác, có hai cái là trung niên chừng bốn mươi tuổi, đều là con trai của Lăng Trọng Khoan, mà cuối cùng là một tên thiếu niên, so với Lăng Hàn hơi lớn hơn một hai tuổi, chính là Trưởng Tôn của Lăng Trọng Khoan… Lăng Mộ Vân.\r\n\r\nLăng Hàn nhìn lại nữ tử duy nhất kia, cho dù lấy ánh mắt Thiên Nhân Cảnh kiếp trước của hắn, hai mắt cũng sáng ngời, cô gái này thật đẹp, mắt như thu thủy, da trắng như tuyết, dung nhan chim sa cá lăn, cũng khoảng mười bảy mười tám tuổi, nhưng đã có phong thái họa quốc ương dân.\r\n\r\nChỉ là vẻ mặt của nàng quá lạnh, phảng phất như một tòa băng sơn, bài xích bất luận người nào tiếp cận.\r\n\r\nThiếu nữ này tất nhiên chính là người của Hổ Dương Học Viện, tới rất vừa vặn.\r\n\r\nHả?\r\n\r\nCon ngươi của Lăng Hàn hơi phóng to, hắn phát hiện một sự tình càng vừa vặn, khóe miệng không khỏi lộ ra một nụ cười.\r\n\r\nSong phương phân chủ khách ngồi xuống, vài tên thị nữ dâng trà thơm, cung kính đứng hầu ở bên cạnh năm người.\r\n\r\n- Người mà Lăng Gia các ngươi chuẩn bị đưa đi học viện đã chuẩn bị kỹ càng chưa?\r\n\r\nLưu Vũ Đồng mở miệng nói, âm thanh lành lạnh lại êm tai, còn có một tia xem thường. Nàng ghét nhất chính là hành vi thương lượng cửa sau, tuy phụng lệnh mà đến, nhưng đối với sư đệ tương lai kia lại không có chút hảo cảm.\r\n\r\n- Chuẩn bị kỹ càng, chuẩn bị kỹ càng!\r\n\r\nLăng Trọng Khoan liền vội vàng nói, tuy tuổi tác của hắn đủ để làm gia gia của thiếu nữ, nhưng cảnh giới của song phương lại ngang nhau, đều là Tụ Nguyên Cảnh.\r\n\r\nVõ không trưởng ấu, cường giả vi tôn.\r\n\r\nThậm chí, Lăng Trọng Khoan có loại cảm giác, tu vi của thiếu nữ này còn cao hơn hắn một ít, hắn là Tụ Nguyên tầng sáu, mà thiếu nữ, có khả năng là tầng bảy, thậm chí tầng tám.\r\n\r\nĐiều này cũng làm cho hắn càng thêm bức thiết muốn đưa Tôn Tử của mình tiến vào Hổ Dương Học Viện, không ra mấy năm, tất có thể vượt qua Lăng Đông Hành, giúp hắn đoạt lại vị trí Gia chủ.\r\n\r\n- Mộ Vân, còn không mau tới bái kiến Lưu sư tỷ!\r\n\r\nLão gia hoả quay đầu nói với Lăng Mộ Vân.\r\n\r\n- Vâng, gia gia!\r\n\r\nLăng Mộ Vân mười phần cung kính, chắp tay nói với Lưu Vũ Đồng.\r\n\r\n- Mộ Vân bái kiến Lưu sư tỷ!\r\n\r\nÁnh mắt của hắn có một tia hừng hực, đối với mỹ nữ lãnh diễm, lại vô cùng mạnh mẽ kia tràn ngập dã tâm.\r\n\r\nHắn tin tưởng, chỉ cần có thể ở chung nhiều chút thời gian, tất có thể đoạt được tâm của mỹ nhân.\r\n\r\nLưu Vũ Đồng hơi kinh ngạc, nàng nhớ người mà Lăng Gia thương lượng cửa sau tên Lăng Hàn. Có điều, cái này cùng nàng có quan hệ gì, nàng chỉ phụ trách đến dẫn người về học viện mà thôi.\r\n\r\n- Nếu chuẩn bị kỹ càng,vậy liền lên đường đi.\r\n\r\nNàng lạnh nhạt nói.\r\n\r\n- Lưu tiểu thư, xin ở lại hàn xá thêm mấy ngày, cho chúng ta bày tỏ tâm ý a.\r\n\r\nLăng Trọng Khoan vội vàng nói, hắn muốn kéo quan hệ với thiếu nữ này, ngày sau có thể chăm sóc cháu trai một chút.\r\n\r\n- Không cần!\r\n\r\nLưu Vũ Đồng lạnh lùng từ chối, liền muốn xoay người rời đi.\r\n\r\n- Tạm thời dừng chân!\r\n\r\nMột thanh âm vang lên, Lăng Hàn bước ra ngoài.\r\n\r\nSắc mặt của bốn người Lăng Trọng Khoan đều hơi có chút biến hóa, mặc kệ bọn họ xem thường phế vật Lăng Gia này ra sao, nhưng hiện tại bọn hắn là tặc, làm kẻ trộm đương nhiên sẽ có chút chột dạ.\r\n\r\n- Hàn đệ, không phải ngươi bị thương sao, nhanh trở về tĩnh dưỡng a.\r\n\r\nLăng Mộ Vân phản ứng cực nhanh, bước đến bên người Lăng Hàn, đưa tay tóm tới, hắn muốn hạn chế Lăng Hàn ngay lập tức, không cho đối phương có cơ hội mở miệng.\r\n\r\nHắn là Luyện Thể tầng bảy, thực lực tuyệt đối không phải Trương Viễn có thể sánh được.',2,'2023-05-24 16:53:26'),('3','Ngươi có bệnh, ta có thể trị','Luyện Thể Cảnh tổng cộng chia làm tầng chín, thông thường từ tầng một đến tầng ba xưng là Luyện Thể tiền kỳ, tầng bốn đến tầng sáu làm trung kỳ, bảy đến tầng chín làm hậu kỳ, Võ Giả ở ba giai đoạn này, về mặt thực lực sẽ có chênh lệch rất lớn.\r\n\r\nMà cấp độ càng cao, chênh lệch lại càng lớn, như Luyện Thể tầng chín có thể nghiền ép Luyện Thể tầng tám, nhưng Luyện Thể tầng một đối đầu Luyện Thể tầng hai, sẽ không yếu thế lớn như vậy.\r\n\r\nTrước đó nhìn như Lăng Hàn kém Trương Viễn hai tầng, kỳ thực chỉ chênh lệch một đại giai đoạn, nhưng Lăng Mộ Vân là Luyện Thể tầng bảy, Luyện Thể hậu kỳ, so với Lăng Hàn là ròng rã cao hơn hai giai đoạn lớn.\r\n\r\nĐây là hồng câu không thể vượt qua, cho dù Lăng Hàn đã từng là cường giả Thiên Nhân Cảnh, cũng không thể bù đắp chênh lệch lớn như vậy, dù sao hiện tại cơ sở của hắn quá thấp.\r\n\r\nLàm sao bây giờ?\r\n\r\nLăng Hàn nghiêm túc, thừa dịp thủ chưởng của đối phương chộp tới, đột nhiên nâng quyền đánh ra.\r\n\r\nTrên mặt Lăng Mộ Vân không khỏi xẹt qua một tia trào phúng, tuy hắn không biết làm sao Lăng Hàn tới được, nhưng phế vật mà cả Lăng gia đều biết, có thể tạo thành uy hiếp gì với hắn?\r\n\r\nHắn vận chuyển nguyên lực, bắp thịt nơi ngực nhô lên, chặt chẽ như sắt, dù ngạnh kháng một quyền của Lăng Hàn thì lại làm sao? Hiện tại trọng điểm là lập tức hạn chế Lăng Hàn, không cho hắn có cơ hội mở miệng.\r\n\r\nQuả thế.\r\n\r\nKhóe miệng của Lăng Hàn lộ ra vẻ tươi cười, phản ứng của đối phương như trong dự liệu của hắn, lần này nhìn ngươi kinh ngạc ra sao a!\r\n\r\nOành, bởi vì Lăng Mộ Vân không tránh không né, cú đấm này đương nhiên không có vấn đề gì.\r\n\r\nLăng Mộ Vân vẫn mang theo vẻ trào phúng, đưa tay khoát lên vai Lăng Hàn, nói:\r\n\r\n- Hàn đệ, ta đưa ngươi về… phốc!\r\n\r\nLời còn chưa nói hết, hắn liền phun ra một ngụm máu, vẫn chưa xong, hắn chỉ cảm thấy ngực như nước sôi, muốn phun toàn bộ nội tạng ra ngoài.\r\n\r\nLăng Mộ Vân đặt mông ngồi trên đất, sắc mặt trở nên cực kỳ khó coi.\r\n\r\nLăng Hàn cũng đúng lúc lùi lại bảy bước, phải dựa vào trên tường phía sau mới ngừng bước chân được.\r\n\r\nChuyện gì thế này?\r\n\r\nLăng Hàn ở trên cú đấm kia dùng kỹ xảo, tên là Cách Sơn Chấn, có thể mang kình lực xuyên thấu qua phòng ngự, lại nổ tung, bởi vậy tuy Lăng Mộ Vân lấy nguyên lực bố phòng, nhưng quyền lực của Lăng Hàn là cách tầng bắp thịt kia nổ tung ở trong cơ thể hắn, tự nhiên tạo thành đả kích rất lớn với Lăng Mộ Vân.\r\n\r\nCũng may Lăng Mộ Vân là Luyện Thể tầng bảy, bằng không cú đấm này có thể làm hắn trọng thương, trực tiếp bỏ mạng cũng không phải là không có khả năng.\r\n\r\nXem thường một người đã từng là cường giả Thiên Nhân Cảnh, đây là tự mình chuốc lấy cực khổ.\r\n\r\nCó điều, Luyện Thể tầng bảy dù sao cũng là Luyện Thể tầng bảy, nguyên lực đàn hồi, sức mạnh kia vẫn xa xa không phải Lăng Hàn có khả năng gánh vác, bởi vậy hắn cũng bị chấn lảo đảo lùi về sau, dưới lực lượng rung động, tay phải của hắn cũng trật khớp.\r\n\r\nCách, lông mày của Lăng Hàn cũng không nhăn một cái, tay trái nắn nắn, xương tay phải đã về vị trí cũ.\r\n\r\nCho đến lúc này, đám người Lăng Trọng Khoan mới phản ứng lại, không ai không vừa giận vừa sợ, phẫn nộ chính là Lăng Hàn lại đả thương Lăng Mộ Vân, kinh sợ là tên này không phải phế vật sao, làm sao có khả năng làm được điểm ấy?\r\n\r\nMà mấy thị nữ kia càng ngây người như phỗng, cái này vẫn là Hàn thiếu gia mà các nàng nhận thức sao, sao hung ác mãnh liệt như vậy, một quyền liền đánh Mộ Vân thiếu gia thổ huyết!\r\n\r\n- Tiểu súc sinh, ngươi thật to gan, thật độc ác!\r\n\r\nLăng Trọng Khoan lập tức rống to.\r\n\r\n- Mộ Vân chỉ là quan tâm ngươi, muốn đưa ngươi trở về phòng, ngươi lại xuống tay tàn nhẫn như thế, ngươi cái cẩu vật phát điên này!\r\n\r\nQuả nhiên là lão gian hoạt, trực tiếp chụp mũ.\r\n\r\nLăng Mộ Vân cũng chậm chạp hồi khí, hai mắt nhìn Lăng Hàn tràn ngập sát khí, hắn là thiên tài của Lăng gia, lại bị một tên phế vật đánh thương, điều này làm cho lòng tự tôn của hắn sao có thể tiếp thu?\r\n\r\nLăng Hàn căn bản không để ý tới hai ông cháu này, mà nhìn về phía Lưu Vũ Đồng, nói:\r\n\r\n- Cô nương, ngươi có bệnh!\r\n\r\nCái này?\r\n\r\nLăng Trọng Khoan vốn định ra tay, nhưng nghe được câu này liền miễn cưỡng áp chế lại.\r\n\r\nNgười ta là học sinh của Hổ Dương học viện, mà Hổ Dương Học Viện chính là của Hoàng thất Vũ Quốc, có thể tiến vào học viện, tất nhiên nắm giữ bối cảnh mạnh mẽ, vượt xa Tụ Nguyên Cảnh.\r\n\r\nNhưng Lăng Hàn lại mở miệng nói người ta có bệnh, cái này không phải muốn chết sao?\r\n\r\nRất tốt, kế tiếp sẽ kéo Lăng Đông Hành vào, mượn đao giết người, hắn liền có thể ung dung ngồi lên vị trí Gia chủ.\r\n\r\nTuyệt vời, tuyệt vời, tuyệt vời, Lăng Đông Hành a Lăng Đông Hành, ngươi tuyệt đối không ngờ a, con trai của ngươi không chỉ phế vật, hơn nữa còn là vua hố hàng!\r\n\r\nLưu Vũ Đồng nhìn về phía Lăng Hàn, ánh mắt hiện ra vẻ chán ghét.\r\n\r\nNàng có diễm danh, hơn nữa còn là quý nữ của Lưu gia, một trong Hoàng thành Bát Đại Gia Tộc. Lưu gia là tồn tại chỉ đứng sau hoàng tộc, tự nhiên không thiếu nam tử lấy lòng nàng, có người còn đi ngược đường cũ, giả vờ lạnh lùng muốn hấp dẫn sự chú ý của nàng.\r\n\r\nNàng đương nhiên sẽ coi Lăng Hàn như con ruồi, chỉ là thông qua phương thức “chửi bới“... này ngược lại là lần thứ nhất gặp phải, nhưng cái này không làm cho nàng có cảm giác chú ý chút nào, chỉ có căm ghét.\r\n\r\n- Lớn mật!\r\n\r\nLăng Trọng Khoan tra nhan nhìn sắc, đúng lúc hét lớn.\r\n\r\n- Còn không mau quỳ xuống, nhận lỗi với Lưu tiểu thư.\r\n\r\nLăng Hàn cười nhạt, nói:\r\n\r\n- Cõi đời này, ngoại trừ cha mẹ, không ai có thể để cho ta quỳ xuống!\r\n\r\nHắn đi tới chỗ Lưu Vũ Đồng, lúc cách ba bước, liền ngừng lại.\r\n\r\nBởi vì hắn biết đây là cực hạn mà đối phương có thể khoan dung, lại gần nữa, đối phương nhất định sẽ ra tay hại người.\r\n\r\nHắn là không muốn chịu đòn chút nào.\r\n\r\n- Ngươi từ mười tuổi bắt đầu, có phải hàng năm đều sẽ vô duyên vô cớ té xỉu? Mới đầu chỉ là một năm một lần, sau đó tần suất càng ngày càng cao, hiện tại, có phải mười mấy ngày sẽ ngất xỉu một lần không?\r\n\r\nLăng Hàn hạ thấp giọng, chỉ để Lưu Vũ Đồng nghe được.\r\n\r\nLưu Vũ Đồng không khỏi biến sắc, tật xấu này của nàng ở Lưu gia, cũng chỉ có mấy người biết, tại sao Lăng Hàn có thể nói ra? Nàng không khỏi đánh giá Lăng Hàn lần nữa, nói:\r\n\r\n- Ngươi biết nguyên nhân?\r\n\r\n- Tự nhiên!\r\n\r\nLăng Hàn ngạo nhiên gật đầu, nếu không như vậy, hắn cũng sẽ không nói lời kinh người.\r\n\r\n- Bệnh của ngươi tên Tam Âm Tuyệt Mạch, là một loại nguyền rủa của thượng thiên. Người nắm giữ Tam Âm Tuyệt Mạch, bình thường chỉ có thể sống đến hai mươi tuổi, bởi vì năm hai mươi tuổi ấy, ngươi sẽ ở trong một lần ngất xỉu, vĩnh viễn không tỉnh lại nữa.\r\n\r\nLưu Vũ Đồng lặng lẽ, nhưng mà tin tưởng Lăng Hàn.\r\n\r\nBởi vì sau khi bệnh trạng của nàng càng ngày càng nghiêm trọng, người nhà đã từng dẫn nàng đi thăm danh y, tuy mỗi danh y đều bó tay toàn tập, thậm chí ngay cả tên bệnh cũng không biết, nhưng dựa theo một vị danh y suy đoán, tần suất ngất xỉu của nàng sẽ càng ngày càng cao, cho đến một ngày nào đó sẽ không tỉnh nữa.\r\n\r\nHiện tại, nàng rốt cuộc biết mình bị bệnh gì, nhưng như vậy thì thế nào, hết thảy danh y của Vũ Quốc đều bó tay toàn tập, nàng dĩ nhiên không tin Lăng Hàn sẽ có biện pháp.\r\n\r\n- Ta có thể trị.\r\n\r\nĐúng lúc này, Lăng Hàn mở miệng nói.\r\n\r\nTrong lòng Lưu Vũ Đồng run lên, nhưng trên mặt không chút biến sắc, nói:\r\n\r\n- Nếu ngươi có thể chửa khỏi, ta có thể phong ngươi chức vị, hoặc là cho ngươi vô số tài nguyên tu luyện.\r\n\r\nLăng Hàn nhoẻn miệng cười, nói:\r\n\r\n- Muốn trị Tam Âm Tuyệt Mạch chỉ có một biện pháp, kia chính là tu luyện Tam Âm Huyền Công, mà ta vừa vặn biết môn công pháp này. Ta có thể dạy ngươi, nhưng có một điều kiện… ngươi làm thị vệ của ta.\r\n\r\nLưu Vũ Đồng không khỏi nổi giận, nàng là quý nữ của Lưu gia, bản thân càng là thiên tài võ đạo, mới mười bảy tuổi liền đạt đến Tụ Nguyên tầng tám. Hiện tại một Luyện Thể tầng hai nho nhỏ, lại nói muốn thu nàng làm thị vệ, đây là tự tin từ đâu tới, dũng khí từ đâu tới?\r\n\r\n- Không nên cảm thấy oan ức, bởi vì ta có thể cho ngươi một bầu trời càng rộng lớn hơn, để ngươi đi tới đỉnh phong võ đạo càng cao hơn. Bảy đại tuyệt địa, tứ đại sát cốc, tam đại huyền hải, ngươi có gặp qua chưa?\r\n\r\nLăng Hàn dụ dỗ từng bước, Tam Âm Tuyệt Mạch dĩ nhiên là thiên địa nguyền rủa, nhưng trời không tuyệt đường người, người như vậy thông thường đều nắm giữ linh căn Thiên Cấp, chỉ cần tu luyện Tam Âm Huyền Công, thì tất có thể nhất phi trùng thiên.\r\n\r\nLưu Vũ Đồng không khỏi tim đập thình thịch, đối với võ đạo, nàng có theo đuổi cuồng nhiệt, đây là toàn bộ sinh mệnh của nàng.',2,'2023-05-24 16:53:26'),('4','Mệnh lệnh thứ nhất','Tuy Lưu Vũ Đồng động lòng, nhưng muốn nói đáp ứng làm thị nữ cho Lăng Hàn, là chuyện không thể nào. Nàng khẽ hé đôi môi đỏ mọng, nói:\r\n\r\n- Đổi điều kiện khác!\r\n\r\nLăng Hàn khẽ mỉm cười, nói:\r\n\r\n- Hiện tại ngươi là Tụ Nguyên tầng tám đỉnh phong a, ta cho ngươi hai câu khẩu quyết, tính là thành ý của ta: Tam âm tụ nguyên, đạo tân đồ, tam hoa tụ đỉnh, phá lăng tiêu!\r\n\r\nMới đầu Lưu Vũ Đồng không để ý lắm, tên này chỉ là Luyện Thể tầng hai, có thể đưa ra khẩu quyết kinh người gì, tám phần mười là cố làm ra vẻ thần ẩn mà thôi. Nhưng khi nàng nghe hai câu khẩu quyết này, nguyên lực liền rục rịch, thật giống như cánh cửa của Tụ Nguyên tầng chín đang mở ra.\r\n\r\nSắc mặt của nàng không khỏi thay đổi, tuy nàng biết mình tất có thể đột phá đến Tụ Nguyên tầng chín, bất quá thời gian này phải ở sau một tháng, nhưng hiện tại, nàng có cảm giác mãnh liệt, chỉ cần một ngày, không, thậm chí hiện tại nàng liền có thể bế quan tiến hành đột phá.\r\n\r\nĐây cũng quá khuếch đại a, chỉ là hai câu khẩu quyết mà thôi.\r\n\r\n- Đây chính là hai câu quy tắc chung trong Tam Âm Huyền Công, thế nào?\r\n\r\nLăng Hàn cười cười, kế tiếp một câu, hắn lên giọng nói.\r\n\r\n- Làm thị vệ của ta, ta dạy cho ngươi thần công vô thượng!\r\n\r\nPhốc!\r\n\r\nBốn người Lăng Trọng Khoan đều phun ra ngoài, không nhịn được muốn cười ha ha.\r\n\r\nKhông phải sao, còn có sự tình càng thêm buồn cười hơn sao? Chỉ là một tên phế vật, lại muốn thu thiên tài của Hổ Dương Học Viện làm thị vệ, còn nói muốn truyền thần công vô thượng? Cái da trâu này là thổi phá thiên a.\r\n\r\nNgu xuẩn không tự lượng sức, quả thực là chê cười!\r\n\r\nVài tên thị nữ cũng che miệng nhỏ, các nàng đương nhiên biết ngọn nguồn của Lăng Hàn, chỉ nhìn thái độ của bọn người Lăng Trọng Khoan đối với Lưu Vũ Đồng liền biết, thân phận của cô gái này cao quý cỡ nào.\r\n\r\nSắc mặt của Lưu Vũ Đồng lạnh lẽo, thân hình lướt ra, đã đi tới trước người Lăng Hàn, tay phải thành trảo, nắm lấy cổ của hắn. Nàng lạnh lùng nói:\r\n\r\n- Nói Tam Âm Huyền Công ra, bằng không ta giết ngươi!\r\n\r\nLăng Hàn dám nói điều kiện với đối phương, tự nhiên phải ngờ tới đối phương sẽ có phản ứng như thế, hắn chỉ cười nói:\r\n\r\n- Giết đi, không bao lâu nữa, ta có thể ở trên đường Hoàng Tuyền nhìn thấy ngươi, kết bạn đồng hành!\r\n\r\nTay của Lưu Vũ Đồng siết càng chặt, đừng nhìn năm ngón tay của nàng như ngọc, nhưng hiện tại lại như thiết trảo, chụp đến Lăng Hàn không thở nổi, rất nhanh, sắc mặt của hắn liền đỏ bừng lên, tròng mắt xuất hiện tơ máu, tứ chi không khỏi co giật.\r\n\r\nBốn người Lăng Trọng Khoan đều không có ý định nhúng tay, ước gì Lưu Vũ Đồng giết chết Lăng Hàn.\r\n\r\n- Có nói hay không?\r\n\r\nLưu Vũ Đồng hơi lỏng tay một chút.\r\n\r\nLăng Hàn mạnh mẽ nở nụ cười, nhưng mà kiên định lắc đầu.\r\n\r\nHiện tại, Lăng gia đối với hắn mà nói vạn phần nguy hiểm, hắn nhất định phải có một bảo tiêu cường đại, tuyệt không phải Lưu Vũ Đồng hứa hẹn điều kiện gì cho hắn đều được, chỉ có để quý nữ này thiếp thân bảo vệ mới được a.\r\n\r\nHiện tại hắn thiếu nhất chính là thời gian, chỉ cần để hắn trưởng thành, chỉ là Lăng gia lại tính cái gì?\r\n\r\nLưu Vũ Đồng lại gia lực, thân thể của Lăng Hàn bắt đầu co giật kịch liệt, sau đó đột nhiên ngừng lại, tứ chi không còn động tĩnh.\r\n\r\nThật ngoan cường!\r\n\r\nLưu Vũ Đồng thở dài, nguyên lực tuôn ra, kích hoạt nhịp tim của Lăng Hàn, “Hô” một tiếng, Lăng Hàn mở mắt, hô hấp từng ngụm từng ngụm.\r\n\r\n- Ba năm!\r\n\r\nLưu Vũ Đồng nói.\r\n\r\n- Nhiều nhất ba năm, ba năm này, ta có thể nghe ngươi ra lệnh!\r\n\r\nBa năm sau, nàng hai mươi tuổi, nếu như không có một ngủ không tỉnh, vậy nàng sẽ triệt để tự do.\r\n\r\nPhốc, bốn người Lăng Trọng Khoan lại phun ra ngoài, nhưng lần này là khiếp sợ cùng mờ mịt.\r\n\r\nLẽ nào lỗ tai của bọn họ xảy ra vấn đề, sao giống như nghe Lưu Vũ Đồng nói đáp ứng rồi? Đáp ứng làm thị vệ của Lăng Hàn? Làm thủ hạ cho một tên phế vật?\r\n\r\nCái này… cái này… cái này… cái này… cái này nhất định là nghe lầm, tuyệt đối như vậy!\r\n\r\nLăng Hàn xoay người lại, lộ ra một nụ cười, giơ tay lên nói:\r\n\r\n- Một lời đã định!\r\n\r\nBa năm, đủ để hắn trưởng thành, chí ít có thể vượt xa đám người Lăng Trọng Khoan, không cần lo lắng có nguy hiểm tính mạng.\r\n\r\nĐùng!\r\n\r\nLưu Vũ Đồng cũng đưa tay ra, cùng hắn đối chưởng, đây là ước định của Võ Giả.\r\n\r\nThật mềm!\r\n\r\nThời điểm vỗ tay với đối phương, trong lòng Lăng Hàn không khỏi rung động, tuy hắn từng là cường giả Thiên Nhân Cảnh, càng là đan đạo đại sư, kiếp trước không biết có bao nhiêu mỹ nữ tuyệt sắc đầu hoài tống bão, nhưng hiện tại cùng tiền thân dung hợp linh hồn, tựa hồ cũng biến thành trẻ tuổi kích động, cảm xúc mãnh liệt cháy hừng hực, để hắn thật giống như trở lại năm mười sáu tuổi.\r\n\r\nLăng Hàn hưởng thụ thay đổi như vậy, đây là ý nghĩa của sinh mệnh.\r\n\r\n- Lưu tiểu thư, không nên nghe tiểu súc sinh này nói hưu nói vượn, chúng ta nói chính sự a.\r\n\r\nLăng Trọng Khoan chen lời nói, hắn không muốn Lăng Hàn tiếp tục quấy rối nữa. Còn có Trương Viễn kia, thật là một tên ngu xuẩn, ngay cả một phế vật cũng trông không được, trở lại liền làm thịt hắn!\r\n\r\n- Đại chấp sự.\r\n\r\nLăng Hàn lạnh lùng nhìn sang.\r\n\r\n- Tiêu chuẩn đi Hổ Dương Học Viện này, chính là cha ta dùng tính mạng đổi lấy, hiện tại cha ta đang ở trong Tử Quang Địa cốc liều mạng, ngươi lại vô liêm sỉ đoạt tiêu chuẩn này đi, ngươi không cảm thấy xấu hổ sao?\r\n\r\n- Làm càn, lại dám nói chuyện với lão phu như vậy?\r\n\r\nLăng Trọng Khoan quát to.\r\n\r\nTrước đó Lưu Vũ Đồng không để việc này ở trong lòng, nhưng vừa rồi đã có ước định với Lăng Hàn, thái độ của nàng tự nhiên thay đổi, mở miệng nói:\r\n\r\n- Lăng chấp sự, cái này đến cùng là chuyện gì xảy ra, ta cần một câu trả lời thỏa đáng!\r\n\r\nLăng Trọng Khoan có thể bỏ qua Lăng Hàn, nhưng Lưu Vũ Đồng lại không được.\r\n\r\nNgười ta là đại biểu của Hổ Dương Học Viện, thực lực càng trên hắn, hắn có tư cách gì bỏ qua Lưu Vũ Đồng?\r\n\r\nHắn vội vàng nói:\r\n\r\n- Sự tình là như vậy, người này là con trai của Hàn gia gia chủ Lăng Đông Hành, nên Lăng Đông Hành động tư tâm, lén lút dành tiêu chuẩn cho hắn, ta chỉ là xuất phát từ đại cục, để tiêu chuẩn này phát huy ra tác dụng chân chính!\r\n\r\n- Xuất phát từ đại cục?\r\n\r\nLăng Hàn cười gằn.\r\n\r\n- Lăng Trọng Khoan, ngươi còn biết xấu hổ hay không? Cái tiêu chuẩn này là phụ thân ta dùng tính mạng đổi lấy, cùng gia tộc có quan hệ gì, cần ngươi đến bận tâm? Ngươi chỉ là muốn giao tiêu chuẩn này cho Tôn Tử của mình, ngày sau tu vi vượt qua cha ta, do đó trợ giúp ngươi đoạt vị trí Gia chủ mà thôi.\r\n\r\n- Đã làm kỹ nữ, lại muốn lập đền thờ trinh tiết, vô liêm sỉ, không biết xấu hổ đến cực điểm!\r\n\r\nThấy Lăng Hàn mắng to, Lăng Trọng Khoan tức giận đến cả người run rẩy, suýt chút nữa phun ra một ngụm máu.\r\n\r\n- Tiểu súc sinh, ngươi thật to gan, dám nhục mạ lão phu?\r\n\r\nLăng Trọng Khoan phẫn nộ.\r\n\r\nLại bị một tên phế vật chỉ vào mũi mắng, nếu như hắn không trọng phạt Lăng Hàn, chắc chắn sẽ tức ra nội thương.\r\n\r\nLăng Hàn chỉ cười nhạt, quay đầu nói với Lưu Vũ Đồng:\r\n\r\n- Ta đối với tiến vào Hổ Dương Học Viện hoàn toàn không có hứng thú, cái giao dịch này bỏ qua, để Hổ Dương Học Viện bồi thường chút linh dược thay thế.\r\n\r\n- Có thể!\r\n\r\nLưu Vũ Đồng gật đầu, toàn lực bồi dưỡng một tên học sinh, cũng phải bỏ ra lượng lớn linh dược.\r\n\r\n- Không!\r\n\r\nLăng Trọng Khoan lập tức kêu to.\r\n\r\n- Cái tiêu chuẩn này là của Mộ Vân, các ngươi ai cũng cướp không đi.\r\n\r\n- Lão cẩu, lỗ tai của ngươi có vấn đề sao, cái này rõ ràng là tiêu chuẩn của cha ta đổi lấy, cùng ngươi có quan hệ gì?\r\n\r\nLăng Hàn giễu cợt một tiếng, sau đó nhìn về phía Lưu Vũ Đồng nói.\r\n\r\n- Tiếp đó, là mệnh lệnh thứ nhất ta truyền đạt cho ngươi.\r\n\r\nHắn dừng một chút, nói:\r\n\r\n- Hạn chế lão cẩu này cho ta, ta muốn đánh lão già không biết xấu hổ này mấy bạt tai!\r\n\r\nLưu Vũ Đồng chỉ hơi chần chờ một hồi, liền gật đầu nói:\r\n\r\n- Được!\r\n\r\nLăng Hàn đã biểu đạt thành ý, cho nàng hai câu khẩu quyết quý giá, nàng tự nhiên cũng nên lấy ra thành ý.\r\n\r\nCái gì, Lưu Vũ Đồng thật đáp ứng làm thị vệ của Lăng Hàn?\r\n\r\nThị vệ nghe rất cao, kỳ thực chỉ là tùy tùng, là hạ nhân! Đường đường thiên tài của Hổ Dương Học Viện, lại sẵn sàng làm thị vệ cho người khác, đây là chuyện khó mà tin nổi cỡ nào?\r\n\r\nNhưng sự thực chính là như vậy, Lưu Vũ Đồng đã đứng lên, đôi mắt đẹp nhìn chằm chằm Lăng Trọng Khoan, thân thể uyển chuyển mềm mại bắt đầu tỏa ra chiến ý mãnh liệt.\r\n\r\n- Lưu sư tỷ, ngươi không nên bị tên tiểu tử này lừa gạt!\r\n\r\nLăng Mộ Vân thì ở một bên kêu la, trên mặt tràn ngập khiếp sợ, làm sao cũng không thể nào tiếp thu được nữ nhân thiên tư thông tuệ như Lưu Vũ Đồng, lại bị lời chót lưỡi đầu môi của Lăng Hàn lừa gạt!\r\n\r\nĐặc biệt là, mỹ nhân tuyệt sắc kia vẫn là hắn cật lực muốn theo đuổi, hiện tại càng như ăn một vạn con ruồi, phiền muộn không thôi.\r\n\r\n- Ngươi là bó tay chịu trói, hay đợi ta ra tay?\r\n\r\nLưu Vũ Đồng từ tốn nói.',2,'2023-05-24 17:10:49');
/*!40000 ALTER TABLE `chapter` ENABLE KEYS */;
UNLOCK TABLES;

--
-- Table structure for table `truyen`
--

DROP TABLE IF EXISTS `truyen`;
/*!40101 SET @saved_cs_client     = @@character_set_client */;
/*!50503 SET character_set_client = utf8mb4 */;
CREATE TABLE `truyen` (
  `id_truyen` int NOT NULL AUTO_INCREMENT,
  `name` varchar(50) COLLATE utf8mb3_unicode_ci NOT NULL,
  `introduce` varchar(10000) COLLATE utf8mb3_unicode_ci NOT NULL,
  `id_author` int NOT NULL,
  `trang_thai` tinyint NOT NULL DEFAULT '0',
  `luot_doc` int DEFAULT '0',
  `rate` double DEFAULT '0',
  `image` varchar(50) COLLATE utf8mb3_unicode_ci DEFAULT NULL,
  PRIMARY KEY (`id_truyen`),
  KEY `fk_author_idx` (`id_author`),
  CONSTRAINT `fk_author` FOREIGN KEY (`id_author`) REFERENCES `author` (`id_author`) ON DELETE CASCADE ON UPDATE CASCADE
) ENGINE=InnoDB AUTO_INCREMENT=14 DEFAULT CHARSET=utf8mb3 COLLATE=utf8mb3_unicode_ci;
/*!40101 SET character_set_client = @saved_cs_client */;

--
-- Dumping data for table `truyen`
--

LOCK TABLES `truyen` WRITE;
/*!40000 ALTER TABLE `truyen` DISABLE KEYS */;
INSERT INTO `truyen` VALUES (1,'Linh Vũ Thiên Hạ','Nhóm dịch: Sói Già\r\nĐả tự: Bựa Thập Ngũ BLH\r\n\r\nLục Thiếu Du, linh hồn bị xuyên qua đến thế giới khác, nhập vào thân thể của một thiếu gia không có địa vị phải trải qua cuộc sống không khác gì nô bộc.\r\nThế giới này lấy Vũ vi cường, lấy Linh vi tôn, nghe đồn khi võ đạo đỉnh phong, linh đạo đạt đến cực hạn có thể phá toái hư không.\r\nLục Thiếu Du mang theo ký ức từ kiếp trước tái sinh, không cam lòng làm một thiếu gia chẳng khác gì củi mục.\r\n\r\nTrong thế giới xa lạ,\r\nSay - nằm trên gối mỹ nhân,\r\nTỉnh - nắm quyền thiên hạ.\r\nĐây mới là cuộc sống đáng mơ ước.\r\nLinh - Vũ song tu\r\nBá chủ kiêu hùng\r\nĐã đến, ta sẽ lưu lại một huyền thoại......\r\n\r\nHệ Thống Tu Luyện:\r\n\r\n- Vũ giả: Vũ khí, Vũ đồ, Vũ sĩ, Vũ sư, Vũ phách, Vũ tướng, Vũ suất, Vũ vương, Vũ tôn, Vũ đế.\r\n- Linh giả: Linh khí, Linh đồ, Linh sĩ, Linh sư, Linh phách, Linh tướng, Linh suất, Linh vương, Linh tôn, Linh đế.\r\n\r\nMỗi cấp được chia làm cửu trọng (chín tầng). Ngoài ra còn có Yêu thú, Linh thú các thể loại, chia làm nhất giai, nhị giai,... mỗi giai chia làm sơ kỳ, trung kỳ, hậu kỳ.\r\n\r\n- Công pháp: chia làm sáu loại, từ cao đến thấp: Thiên, Địa, Huyền, Hoàng, Tinh, Thần\r\n\r\nTất nhiên là vẫn tồn tại một số công pháp đặc biệt bí ẩn khác.\r\n\r\n- Ngũ hệ: Vũ giả, Vũ kỹ (công pháp cho vũ giả) được chia thành năm loại Mộc, Thủy, Hỏa, Thổ, Phong.',1,0,0,0,'linh-vu-thien-ha.jpg'),(2,'Thần Đạo Đan Tôn','Lăng Hàn - Một Đan Đế đại danh đỉnh định mang trong thân mình tuyệt thế công pháp vì truy cầu bước cuối, xé bỏ tấm màn thành thần nhưng thất bại đã phải bỏ mình. Thế nhưng ông trời dường như không muốn tuyệt dường người, Lăng Hàn đã được trọng sinh vào một thiếu niên cùng tên và điều may mắn nhất là \"Bất Diệt Thiên Kinh\" ấn ký vẫn còn nằm nguyên trong tâm thức hắn.\r\n\r\nTừ nay về sau sóng gió cuộn trào nổi lên, Đan Đế ngày xưa bây giờ phải cùng tranh phong với vô số thiên tài trẻ tuổi, lại bắt đầu một truyền thuyết mới như để chứng minh với trời đất: Ta, là người mạnh nhất!\r\nPhân chia cảnh giới: Luyện Thể, Tụ Nguyên, Dũng Tuyền, Linh Hải, Thần Thai, Sinh Hoa, Linh Anh, Hóa Thần cùng Thiên Nhân Cảnh.....\r\nMỗi cảnh giới chia làm chín tầng: tầng một đến ba là tiền kỳ, tầng bốn đến sáu gọi là trung kỳ và tầng bảy đến chín gọi là hậu kỳ và đỉnh\r\nCảnh giới Đan Sư: Hoàng cấp,Huyền cấp, Địa cấp, Thiên cấp...\r\nThần Cảnh: Nhật Nguyệt Cảnh, Sơn Hà Cảnh, Tinh Thần Cảnh, Hằng Hà Cảnh, Sáng Thế Cảnh\r\nMỗi cảnh giới chia làm: Tiểu Cực Vị, Trung Cực Vị, Đại Cực Vi, Đại Viên Mãn trong một Cực Vị lại chia làm: Tiền kỳ, Trung kỳ, Hậu kỳ, Viên mãn\r\nCảnh giới Tiên Vực:Trảm Trần Cảnh (Nhất Trảm-Nhị Trảm-Tam Trảm-Tứ Trảm-Ngũ Trảm),Phân Hồn Cảnh (Dương Hồn-Âm Hồn-Thiên Hồn-Địa Hồn), Tiên Phủ Cảnh, Thăng Nguyên Cảnh, Tiên Vương có 9 tầng từ 1 đến 9, bên trên Tiên Vương là Thiên Tôn\r\nCảnh giới Đan Sư ở Tiên Vực: Nhất Tinh, Nhị Tinh, Tam Tinh, Tứ Tinh,Ngũ Tinh Đan Sư',2,0,0,0,'than-dao-dan-ton.jpg'),(3,'Tu Chân Giả Tại Dị Thế','Giới Thiệu Truyện\r\n\r\nNhân vật chính là Nhạc Thành, một phế vật không tu luyện được đấu khí và ma pháp nên đã bị hôn thê của mình là Dịch Thiến từ hôn, thất vọng vì cuộc sống, Nhạc Thành đã chọn cách tự kết liễu cuộc sống của mình. Đúng lúc mọi người tưởng rằng Nhạc Thành đã chết thì siêu cấp tán ma Lục Phong vì độ kiếp năm lần thành công, đến lần cuối thì thất bại, thân thể tan nát đã nhập hồn vào Nhạc Thành, nắm giữ cả thể xác và suy nghĩ của hắn.\r\n\r\n- Sau khi sống lại, Nhạc Thành từ một tên phế vật không thể tu luyện đấu khí và ma pháp đã có thể tu luyện chân khí và luyện đan, hắn bắt đầu lột xác, trở thành một con người khác hẳn, đầy mạnh mẽ và lãnh khí. Với thực lực tu chân, cùng với các pháp khí, trận pháp, đan dược của mình, Nhạc Thành đã từng bước gây dựng thế lực cho mình, nắm trong tay Phá Quân doanh kiêu hùng, dưới trướng có không ít cường giả siêu cấp, Đấu sư, luyện dược sư ma pháp sư, ma thú cho đến cổ thú, thần thú đánh bại rất nhiều kiêu hùng và bá chủ một phương… Trong quá trình gây dựng thực lực hắn đã gặp và chiếm được trái tim của rất nhiều mỹ nữ khuynh quốc khuynh thành: Yến Hiểu Kỳ, Tư Mã Yên Nhiên, Đông Phương Hiểu Hiểu.. mỗi người đều là một câu chuyện hấp dẫn... Tạo ra một cảnh tượng tu chân hoành hành ở dị giới.\r\n\r\n- Tình tiết truyện rất kích thích, miêu tả sống động, logic, ít tự sướng, tốc độ tu luyện của nhân vật chính hơi nhanh nhưng rất hợp lý, những độc giả yêu thích thể loại tu luyện, chiến đấu, pháp bảo, nhiều vợ không nên bỏ qua, truyện Tu Chân Giả Tại Dị Thế được đánh giá hay ngang với các bộ truyện đỉnh cấp cùng thời.',1,0,0,0,'tu-chan-gia-tai-di-the.jpg'),(4,'Ma Đạo Tổ Sư','Thể loại: Cổ đại - Trọng sinh - Tu tiên - Huyền huyễn - 1×1 - HE - thiên tác chi hợp - linh dị thần quái - tiên hiệp tu chân.\r\nNhân vật chính: Ngụy Vô Tiện (Ngụy Anh), Lam Vong Cơ (Lam Trạm) Phối hợp diễn: yêu ma quỷ quái\r\nCái khác: mãn cấp trọng sinh, vương bát khí, trang B, cẩu huyết, có bệnh.\r\nCouple: Cao quý lãnh diễm (Băng sơn muộn tao) công x Tà mị cuồng quyến (Thánh mẫu lưu manh phong tao) thụ.\r\nEditor: Carmen\r\n\r\nĐời trước, thanh danh của Ngụy Vô Tiện vô cùng thối nát, bị người đời phỉ báng.\r\n\r\nBị người thân nhất - sư đệ của chính mình dẫn người đến giết chết.\r\n\r\nTung hoành một đời không ngờ Ngụy Vô Tiện lại chết không toàn thây.\r\n\r\nKhông ngờ kẻ từng là ma đạo tổ sư, khiến cho giang hồ dậy sóng, lúc chết đi sống lại, lại biến thành một kẻ...não tàn....\r\n\r\nKhông những thế lại là một kẻ đoạn tụ.\r\n\r\nTa thấy chư quân bệnh dữ lắm, liệu rằng chư quân có giống như ta?\r\n\r\nNếu đã là não tàn thì ta sẽ trở thành một tên não tàn chuyên nghiệp. Đi theo con đường tu quỷ chứ không tu tiên.\r\n\r\nMặc ngươi cưỡi thiên quan vạn mã, ác bá thập phương, kỳ hiệp Cửu Châu, Cao lĩnh chi hoa.\r\n\r\nMột khi ngươi đã hóa thành nắm cát vàng thì mặc sức bị ta sai xử!',3,0,0,0,'ma-dao-to-su.jpg');
/*!40000 ALTER TABLE `truyen` ENABLE KEYS */;
UNLOCK TABLES;

--
-- Table structure for table `truyen_category`
--

DROP TABLE IF EXISTS `truyen_category`;
/*!40101 SET @saved_cs_client     = @@character_set_client */;
/*!50503 SET character_set_client = utf8mb4 */;
CREATE TABLE `truyen_category` (
  `id_truyen` int DEFAULT NULL,
  `id_category` int DEFAULT NULL,
  KEY `fk_truyen_idx` (`id_truyen`),
  KEY `fk_cate_idx` (`id_category`)
) ENGINE=InnoDB DEFAULT CHARSET=utf8mb3 COLLATE=utf8mb3_unicode_ci;
/*!40101 SET character_set_client = @saved_cs_client */;

--
-- Dumping data for table `truyen_category`
--

LOCK TABLES `truyen_category` WRITE;
/*!40000 ALTER TABLE `truyen_category` DISABLE KEYS */;
INSERT INTO `truyen_category` VALUES (4,1),(4,4),(4,7),(3,1),(1,1),(1,7),(1,8),(2,1),(2,7);
/*!40000 ALTER TABLE `truyen_category` ENABLE KEYS */;
UNLOCK TABLES;
/*!40103 SET TIME_ZONE=@OLD_TIME_ZONE */;

/*!40101 SET SQL_MODE=@OLD_SQL_MODE */;
/*!40014 SET FOREIGN_KEY_CHECKS=@OLD_FOREIGN_KEY_CHECKS */;
/*!40014 SET UNIQUE_CHECKS=@OLD_UNIQUE_CHECKS */;
/*!40101 SET CHARACTER_SET_CLIENT=@OLD_CHARACTER_SET_CLIENT */;
/*!40101 SET CHARACTER_SET_RESULTS=@OLD_CHARACTER_SET_RESULTS */;
/*!40101 SET COLLATION_CONNECTION=@OLD_COLLATION_CONNECTION */;
/*!40111 SET SQL_NOTES=@OLD_SQL_NOTES */;

-- Dump completed on 2023-05-24 17:33:21
